CustomerChannelID,CustomerID,ChannelTypeID,ChannelValue,InsertDate
1,41,2,lrhwxstrujxhphptdgzozltqmxjcheqkqukzbrsznbhocifbnxdgkvnl,2023-07-29 07:41:00
2,85,4,giulbbcuuebuzhgppugrsmkoozolxyasiilaxobariynbhaeomqdxfjq,2022-02-23 09:12:38
3,35,5,iaqebiliflhnqmuxyjmwwdbuputiqqjmvafvqkvpxlrkzbpvpqwepyqo,2022-02-22 15:31:01
4,38,3,kwluhuquuevsunxactdwtjutxejghfjidfykjxsugzsjelwqltqxlfmf,2023-04-02 08:54:27
5,93,1,pkzaisssoksznocwseggrrmtbfdoupqdddbubhglrrnrxnogrbpwcvhb,2022-05-24 05:09:29
6,5,5,uqnadkjrxpudrvnjbbtemmxwtlfvsapizuucwcquppdpbbhrojjpyomi,2023-08-24 19:24:24
7,30,3,zttcuokerqazqeayukdfqtvgaeextxvfcsfvocyuaojqiaihhnuhkjof,2022-03-28 16:15:44
8,96,3,tmzlhbuamemrsdrimvodrkexpgcfnexbtqlydbwvvjqskmobmanbobkp,2022-10-26 00:26:52
9,36,2,llevkxxgzvhljqcqtpiajswpiebmsaecvzcyjojergfomcmelzlwnxee,2023-02-07 22:27:17
10,91,5,vpsqkwbmixgzmzqvoclmullafhpcdhftggrlgrqksueezbnasflebaci,2022-04-09 11:36:41
11,69,4,wiagsfbywyfitmcrmswsrcxykjkvadoevccscdapanbtevhrdgcieygc,2022-11-23 10:17:33
12,76,5,jnziglzxkwheoooosfzvhqktafhzuohgwizvwygdzjteginzmqchiwwm,2022-05-19 11:43:42
13,97,5,tkeivzvivskztmfobaocrpwapjsripbxuhrqtqcfoqrvntmyvdonkkmn,2022-08-20 16:18:06
14,75,5,wjfsdynxammthdxduwamyhejfdikpftyrzmwigvoqdkzfurpzdhjrqnu,2023-08-17 01:18:43
15,45,3,rojjbijspqzgsewdrsyrjbkdenuqmozzolqrshhqgdgrkuhhlasfmkay,2023-02-16 13:42:06
16,67,2,jodctbefaqmsnxofhqqbbvfenrycbcrhmbjojsketbjfvyzjhyerjqvs,2023-07-20 12:08:35
17,72,5,xxyeyixrnemdlqpewqkxckagxkiwvfmcwnusphfjkwywacfpkuagrqgc,2022-09-30 19:49:25
18,23,1,azjjfeyibnjppnywqdrcruzcfdeafzswmtpfrdgyydpavolyhhngmcdp,2023-03-08 05:44:51
19,12,5,cwkgicitgifmrbebabhzzbsburvlxyohxrottqrkkmwoiukkjiyeblmc,2022-07-04 08:24:17
20,31,2,vxzrupwfafjihnnnyyvdpoxeaiuktvwlrjocbszwvurdbwkwcndnbear,2022-11-09 01:58:02
21,98,2,xayirhpwtshxuwlfvdmsdilfxbxacueofqrbadcgvkeoedkbojgeipqj,2023-06-06 14:27:33
22,40,2,xmluffslwabakspydplyqgmxzultwoavjrkqzxngeacprospidgbwkol,2023-04-13 22:04:42
23,86,1,bjxlstukgpgezjemmhrmbjxjkroppmvpjigzrvitfpzbkobgsjtkjdld,2022-12-13 08:30:11
24,3,4,fuzmzzklgsvyutetyjsmgrdaiwqydftuamqrkqblxocsfzcafutckiag,2022-10-11 06:23:07
25,21,2,ooteyphmrjajvtkugxcyupazwtojiqthdbxcyfbpouhlkqmnvfhwumze,2023-06-06 12:26:01
26,95,5,ecklecleqmfopmncytpodavubnazgeiohadetugmpscqgvryevocovhg,2023-03-27 18:07:10
27,29,3,laufnyzzlfhfrdztqnuhildugyvuwjwpjbrqjahageprsfprymqylwkz,2023-02-03 19:13:07
28,60,2,dnixgllyedprwjewtwiqlvyjyzvyticlrmhnfznbybrwdyoxbksvqxob,2022-02-28 19:35:04
29,1,5,bnvwewxzmjyoxaeqpcrnhvgaxrfqtjlliufcomqzjdstpjjtdpbfqvem,2023-07-29 12:17:10
30,47,5,qzdsmwtejfuwonzoqsiyhexahbzfhtizbylswovsezxsdcvruyuttxjl,2023-06-17 04:42:50
31,19,5,kivmzktcpxarnevzqnanylrfjjcogjhlicqikbqheugcpzbgamfoahgm,2022-02-15 14:55:40
32,90,1,bbpmtooosuywlgfrmfpvshgwgobvdehetglfmosoyvilgzwpexsijbzk,2023-07-13 21:03:43
33,14,5,qdxjeabwkdpgkauqvixgjfwvqjknmntseshbwhnuhcxumrrytnrzhbwp,2023-08-17 00:37:57
34,80,1,ogxcosttorjwjijkhtdrwnqjktmzalayqxbtsyplqexkgywmxlcigxwl,2023-05-11 22:27:58
35,53,1,yvqvigzvjdotzgoywpxraypjwlszqqcqhtwpyxrfljwqqibeguygrhhv,2022-12-01 21:50:01
36,9,5,gwshanomqtootphesypmvnjdjcinygxexiolrfcpjyuletdaqccmnlnt,2022-10-14 13:02:25
37,27,1,rsqzwvlxvueehbmrmobcashtspkptauofsyjwjgtvxbmbdmqhxvhypef,2023-01-31 03:21:59
38,79,2,iawcebwehrtewwmandgymiyceuhwxejopxxuvxxtzboqwfwqgvyluugq,2023-05-07 14:23:21
39,55,1,allygrscnzrorbvfbooeqncbkyhwvkurqushostjdgttjdrupjzsxkys,2022-08-12 12:38:26
40,66,2,hkeqhclovdqeaoxcdeyndedfuynsntmaxbqhvxqhwjnsolprlewslcab,2023-03-06 10:39:54
41,63,2,tugdloxyxibnapmhtiqwcpvgvacshfimjbalcwqkjtlyuyksqygwpvdp,2022-07-09 23:31:49
42,6,5,tbtuajuhmsizzhqgbaxefdsekcjqekcrvcgzmvifnoukvmhqrkctjejx,2023-01-04 19:06:44
43,77,3,hpwkzbxtfhsotiejhlcabyzsonurqwzthzgvsdxwsgtbgxdpytjdxqra,2023-06-19 10:34:22
44,18,1,uvisiupmuspxjqvhvzifsuxyyruqlmzojrupizppdnkuahvqahdfdbvs,2023-08-19 11:19:32
45,42,5,mujrijdwlwjbkgbxloukvkbhvwjlvnmnmuzwnqadodcjwgofllbnrdpk,2022-05-23 13:03:04
46,15,2,wadxmcgcuokbtvychqylrbtwkjwccfabnnippnyqggxmhukzeuclbwaa,2022-07-18 06:12:39
47,48,2,mzjoxtepldyfpidjdtvkmndiggrtmhkzqgtovtyfqoyxslpssyfwanuw,2023-08-07 20:10:16
48,59,5,cewunommpvuxjmckllrgrtlntwxyncbcltiflioowhbunqmajuyerfpa,2023-06-27 17:08:38
49,70,4,dxsdufcgppewsihlioqghfgtjolthgituoaowixdccvqmmfoobrksjjc,2022-06-30 07:24:23
50,57,5,tmbqgmmsciqapecoaqirpmyalxlwmoribyprxfdquogxbemdolzvgoyt,2022-11-09 03:23:57
51,4,1,mmvszvpzouywubzskabblimpxxznvprfwwhtthubtmpojxcrdsodsykw,2022-01-25 18:30:32
52,46,5,kdpszyjhrdmqxmjtiwcrmcccxiqoofafptghtgnnxqhfxcepvrguftef,2022-09-18 00:53:04
53,68,5,ninratopwvvdkypzzhimdreozwwmafshhemgsyxyrgzrrzcrfdgfbjgk,2022-06-15 12:34:55
54,17,3,scrgsntvhvioprcxofoahcqporwbanhgkplybyprsfshwhdbkjkumbbl,2023-04-13 12:14:58
55,51,1,knsusbqmxaahfdgouncltquttkimdcvpigmpizqwiwkghbvwflbnldij,2023-01-23 19:01:42
56,13,4,rwqtpgfwmuzdehwlgihvzlyxnjypxfckyhgxonpygjebcwwbxqfymrwm,2023-05-03 09:44:53
57,71,3,lzbkpzaovpyssqfdxmaejehihkkjhiervsuamrywoxjtkqdbnwpljogn,2022-11-18 10:40:35
58,49,3,gdwayyuujqexzrdpuzpifxzpmtdsgbrjljeosrbhbmhtspulkwhydgyl,2023-04-13 17:07:22
59,82,3,wwfxoookrmglseivrsmqtlfjawwfkvdcibahoublhzxrzbupkeryvbsj,2022-08-10 19:50:49
60,62,5,kdluzzhljkeuvtyacakvslajbssihqfvlgcuslflxsphjxfdfirihlpc,2022-05-31 13:46:06
61,20,2,dwffhfazstzrbilyfkpbpjirnagdigxvmkyrpvcgykcwkrmldhdygvgz,2022-07-17 16:02:17
62,61,3,zvxdbxdiejobaoyevrgotjsuzdxxxedxekdkdveizjlrsgqbqgqbrhjb,2022-07-27 03:04:15
63,2,3,gxepntjzfaocpzokcefgikbqqtebpcvzzlrstwogrmrjlynmcfvvceif,2023-08-10 19:46:06
64,89,2,mfjzhqfzrsemjkoavmjaaumpfveracirgwtbswthaueehikpglsuhgnq,2022-07-28 18:14:37
65,92,5,qnxbmjlnoxhgtuuqnbakfwaqhipstlzccxorqqbrcfdijalhpjhudiak,2022-06-01 19:41:13
66,11,2,sskfixgtwekxvvrlkummrpaqmlwphzkuyluuppuxgmnxxiwffmbawidu,2023-08-16 14:27:09
67,58,2,xxarhaxvhruvvpmrxoapbmbrzzhjrhalpeindkucyzddxdtqnwsfqnih,2022-07-25 23:24:57
68,52,2,kzqybjxowukftxugxzbqcwotlpzckbfcvaghloearzxmbcxlyocoufni,2023-07-16 06:51:06
69,25,2,bxekospxbiepfzmuoxdnxsfaykvvtmipqcapancrtdqvgbqrekqplgxh,2022-11-11 15:49:12
70,83,4,lcxfgbhsvxnocrfvrvpufjivqtebdsfueabjdiusdymouffmikmrredr,2022-02-06 12:53:07
71,74,3,huedaclgrxdkvcfvrlxwkmsoanhzalxnykfxgqnvpbxtmtnaknpiktni,2022-08-21 23:12:24
72,26,2,xmfsogoessepzgupymnejkszxxchhgggdaqjpvgmpsnhieebsxeeegyg,2022-07-26 09:54:43
73,94,2,bxccfmvkyuxqjrfwkboseupdnutjdylzchnycxxjncnymrhbgevtffmu,2022-06-05 21:26:54
74,22,5,vcbulfqkpjslsfetyrbuukdmwkecsybqdaafamllemeuqjvjwwmzvehb,2023-08-09 12:17:03
75,87,2,uinbmsvmtlsqwajogsrzinrvtofocfzlgtsynbbregvyjymlfyvumqnu,2023-07-16 14:46:27
76,73,3,qnbxgbyvfrxmqrtjrzttstshpnnmsincuqovykinfuwlpjdhuufekzlb,2022-04-23 08:17:18
77,88,5,kkrqeicgztdlhfjwctainlfofwsyicbvumunfxmwubdpakogdbjnaonb,2022-07-20 00:00:41
78,34,4,cirdhowjrogdraeezozeiaowenmwfrflxineakfouluvumwhrqrjiqbt,2022-12-01 02:08:38
79,43,1,kexezcejlnxdbhcrzzofjdjdrbiecsixexluvivflusnqmifgviovueh,2022-07-16 07:37:48
80,37,2,bxowjljgiwackekogawvhygpfqlhyoaypfjeenmtkqlxnqcdjurbrgea,2022-08-08 23:14:02
81,32,4,waojpijhaqplrdhczqlvowguvjxlqmbuxxyhgzwwyvlsncqkelvimsgo,2022-03-07 02:34:09
82,84,2,fqqamjlalwcrbolegnjqqpuxkvzgpzrxhuokaqqzjjtjsnjsycsfrpej,2023-01-25 07:25:02
83,8,1,ynosbuglitpgzstnfehsuepylywpdtepjdokugucarmzrhuvcvqhvzus,2023-07-12 16:25:59
84,39,1,zzqrdbfxdygqnamxebwkkwtsikdhjkicmdvncbmwvvytkeifgztjdooh,2022-11-03 18:31:01
85,100,2,qsiisrdmbeoqshikiowgidbqqxvqirjlmhvqteuaqbkmxladjxxemkja,2022-04-09 17:14:32
86,99,5,xblobxzaocpoejvqhkdcneshzrjzvhrmcvnyalamdrbuhhsrlzplatah,2022-07-31 00:35:36
87,54,1,ghamplbwnlcamlndbbxwmmxeftkodavtcevlmgcgjzzcfsnypifnqkgq,2023-05-09 12:41:52
88,64,4,bscqpfpxdetemxnjkiyocgnduvokgmklgeqijthudlcuxcgnajdjyoqi,2023-08-11 22:39:25
89,24,4,vlygjnmuhypjjrsbmdckaidtauhvkeoesdbpvpsvuqfdexvcbswqqsuk,2023-06-20 23:28:07
90,50,3,xcqgmyxqppxqpudlzjsmvxdhcxipumuxgelbcqgrcfvameclrcpdzxgm,2022-03-15 12:41:22
91,7,2,gulabfngqmyedvbrxyqstdxfewwuyhqjcrkwvbiccsilsihhdbazkllq,2022-04-09 05:42:06
92,56,4,morlaqomhwwdpkxvkigrguttvuzqzlpxodvfyljvolvqobmottusgxpu,2022-11-28 12:59:26
93,16,4,nyywkuepfrmyxtzfzjnzcfrmhdxldvywcvmoqdxzzfvsqpcrfefckttz,2023-03-09 19:28:49
94,28,2,cruedmacpeiszbngezjswzifttelzintszczjkovgztedbaulopuzzxc,2022-12-24 15:03:27
95,10,4,kvguifzrdtipkrbfvemmkhvmmjmnlibfrplfibhlllntrrkwhkjnfijl,2022-04-10 09:38:32
96,78,5,fjaxcqsbrloibcxhkholarwpzejfvllwijwzorkiswlbxaitjmukvpph,2023-02-20 04:32:33
97,33,2,ktvubkvnhhewcwstvlwkvgxaqyculzwinxlntjmdoauotbckexbjluxa,2022-08-01 04:20:49
98,81,1,csqimchvyldcsdrzjffccuraikgnfpscsewnxiyhzirueeenfjobxnli,2022-09-15 11:06:28
99,65,2,wzruuzqlsbtxvbifzvcmceyvghplhzlvyuutclmpsmztogzvdkhehckt,2022-08-14 18:07:02
100,13,5,fzhsshntldwlyrgjsixpfnlrlsanjyqtijwcbbpadnqaueconvybxfci,2023-07-16 05:47:52
101,38,3,cemnzgaywdgzokkkvhbvdukcpfboqhddxbvwcbnoijfvpmyqiyakthsl,2022-08-06 22:49:21
102,64,5,uoixlphcnhnsiedrrffgwibjphukazmcgcfmedezgyqecmypwvigcmli,2022-05-14 20:07:17
103,43,2,blxtbbcwupgilutudxlpruzsheejuihtkxfhrojwzxhfmibxpgnwlmbr,2023-04-30 13:43:23
104,42,5,fpmlfgegkwhzscvtisfvslglrdrknlmkwtczdlsheqmlfzleegvoavfr,2023-01-03 08:14:49
105,28,2,oxqmdfksrjrwkbqmbdcjtadtviuxjtwujvaravjglrowxswhehgjgnil,2022-06-11 15:06:49
106,87,4,sdduvueemfvqngejlrqpxrotfnnlmzwxstrlbgyumucsxtdkiddtntgg,2022-07-30 09:06:37
107,27,3,nktqwwdhwlifoomqirrmnffyayabrubfmagrbtieqwzkgxstwnlutrlu,2023-04-22 08:34:35
108,99,2,zdzvwjocloauuvoafhqdrjxioxdxhckgrvswaxxouftfnktzzgrzzeru,2023-02-28 10:22:48
109,80,5,pfduqcchzpsilmtqnfjqelbpsdkksjkocqyeekncvlmtscvgrazsivsg,2022-11-30 19:45:02
110,57,1,kerzuzkvbwpyskuwvtdeitkurlqlxeizimpwqfyankzisxrtzjbnxrmv,2022-02-12 17:31:53
111,59,4,dpbulluwynauynfhpbatekmgsfkwvebfylhautcrflkwimkhmpllciwy,2023-08-11 05:58:14
112,70,4,lhfppycwbdmpakepflbaskxlpggmfzkwldynkafxiruuqmoyfjnqcfmt,2023-08-05 04:57:55
113,31,2,dygresoqvziskzfindqgprhsniqytktuxeanvyfctareeuhxnjnxuvqd,2023-07-26 21:57:20
114,52,1,lobhchrxysdpdrkryixianmyajkpusrefftliujkhpmbgmynezpxeefj,2023-02-13 00:31:08
115,90,2,dkepromkkjibycaydbjmrnumuajjcbjflyxeqeusvwrrzoarniqdxokz,2022-07-29 04:44:04
116,25,3,mtcwgaddornveannkzysybwtfyhvcyrleeogkqjmgyjuyqctztdmgabt,2022-11-05 11:38:22
117,91,5,bnwjpyrotjkqzqgkcyciakwgtvfeppsjmakzhbxbpfijdezcypokhcdx,2022-10-05 18:27:36
118,74,3,cafemiytgbqwriepgzikoeahitlyufwojhaytkjpxdfzdsqjffndrntj,2022-08-02 10:01:10
119,60,2,pofuotdcggswabnbxadherywolyoikvbiuuioucrbrovakzpeehtrsvp,2023-04-03 04:01:47
120,49,1,jfvpyvnymzfpevyaushmwgaqajwhnenilfcytyoimnykholiugfansje,2022-09-16 08:11:39
121,65,4,mmwokilgzwdvuwhtjljtmpkoqzijotoirtocntyiqmzrfaqttjevoiby,2023-07-27 17:11:19
122,94,5,znvfjeqauplcjysprqzipipvikjqbzshgjhzwrdgasnfeoxxjxhighfs,2023-04-12 23:56:38
123,61,2,qzkmfmhgkebqewttdymqfxaefkfrtesauwarmvdmteooutxhxsvkxzsu,2022-06-29 06:30:18
124,77,1,txwqblahezpxjursgulkwjgzkhjvbkqwtgbisngspmxccbsekfdsypzg,2023-06-25 16:51:45
125,30,2,iyhcixmiymmbmqqalsbjtvgellaehrpylzerdmvnvhizzdwshgnhtwak,2022-07-27 11:00:04
126,82,4,bifnmyyvxnsuphrifwarcldxkfbarkhxyqfiwbetggnlayyifutfytgl,2023-04-05 18:54:23
127,26,1,mmdgeentmlatmmvnrlwsdtubkslntgouxfqqfkztnyuyeqyunwuncbms,2022-12-08 23:59:21
128,68,1,wzlrocbzxyxeltqnbtwzhsrgrrzpsvzclylgpuabmtpgmcxlzjggujog,2023-07-05 17:29:33
129,1,4,qepdxnhtaybofkeenpjlwnndnixkphmqwpvafuuzgpobfydxluaykoiy,2023-06-14 07:45:22
130,84,2,wfrmmezdcmpldvnpdtodbcbtzcbrbiwhiyvvblmkhdhpgmsyuidadenh,2023-04-08 10:06:29
131,7,2,jaecpmyzvgscyfcmrbweqmoqcynuefflliluglhgpkdtklnuxrkfudhx,2022-04-29 00:53:54
132,36,1,xsgeanwpksgaesbltvnldugzerxbrffcpibieepkjwrnabxiewsimwpk,2022-08-19 20:59:12
133,41,3,lajpuknfvwekfwwiyktntlxhperzzawihzxprcykagceyghpppbrzmlm,2022-03-29 21:42:18
134,37,1,ktypaqgfftqtmlfwfblammrhkmjpmlcsnvazklhylhoiqjquvzsekzuw,2023-02-20 19:02:53
135,92,2,tdbwaqsacnlusduhteiuriyimleckeumzamarnqpngduflorvemsoruf,2022-02-23 13:31:33
136,63,3,fgbyyfaodyypgarharnpeqbdxhgzmymkiskvqwibskrdfwfynlmyxfee,2022-12-18 13:50:51
137,48,1,tmlglylmadqtbneoabzjeqkuvggdtzrzudclcffvmgvdfomysqjsokne,2022-07-20 03:13:55
138,10,4,qfgurtttnxcgaywowefhelduipbberxlvgfgqtlcqmxykqajpklqjbfu,2022-03-22 02:51:48
139,9,5,tcrrghumxtopkuartecdoririayrvgpbuctljekhjgzagjgvjnfmhzsd,2022-03-21 08:35:10
140,85,3,esffikcukgoszymefdfgqkpnfbahhisiityayjwmirdclnuuavcmdirz,2022-02-09 08:41:28
141,75,1,qkcrroefzsjamoyzyibvudfnlctbzxszrubmxvqioxxvevbfjtdnzmpz,2022-07-30 04:35:08
142,81,2,knkqkpqckwqcswoneykhxekeyhcmlktprutfxzrdaxkebjxljqegmkpr,2022-09-12 22:52:39
143,44,2,wbnephpcdqptmndixcfckvnjztmthtupjicajzujzcqtdzbgzjdtanyy,2022-11-07 16:40:00
144,15,5,dlolynygvfeeduzvcuhpnobdlqkyfizikufhoasxzpqvewlhpmhlaxso,2022-07-21 22:11:40
145,39,3,adupiancxzyqbwnqafwgpxeidfveatfbrrhjdxwdmzgitcvvumhjgctn,2022-04-25 01:19:36
146,79,2,bzwbuiznpcxuqiijuyprtadacjxutwywxjjzutqbntviphzqjndlcxoq,2022-03-22 14:31:18
147,98,4,ipeazgyqorslpnjgmphefxinlduxkqdnvczyhheuyotelpperuofdnir,2022-08-22 22:38:40
148,2,1,rqskvdnphadlwzisdgeiuprrjrzsompysmkhkcbtjgkdxootknxiyvbz,2023-06-12 00:08:34
149,23,3,hodahryzpbrllzejzexfvnxrtureslgguimahulkkrupygfuntjdthkb,2022-05-30 16:38:39
150,89,3,iulzvdexxjbjssciislvhfhkalvrdsbdqjocyrlkgucqmrupgxxrebcn,2022-02-07 23:17:57
151,88,3,lzvpscwxzfunvybcqorzxaifpiiluodszhdebincbvthvrhsauvnldox,2022-07-20 05:40:26
152,62,4,wzrzkyqblhzrpwsirzefzcnwgkysseforeljyumgnojfdrsdjflukxjv,2022-08-31 18:11:00
153,58,4,dppekwwmkbslzmohvylebfucjfklcaglmspiehpdvmofcikjrflhccvd,2023-04-10 13:15:50
154,34,3,wxyiojhpbwmwgsjksjcclvqvkystlygqqogqbcmukapatezzytmyypkn,2023-07-04 06:27:18
155,33,5,vfmhqwabtjxouhtbmlqxvnocvwihhbbrsyqpxucutgfmhtpfqtkgrbaf,2022-09-04 20:41:27
156,6,2,ivxphmrbwdmgvsrsurhvofkatmajpcqxfdjrbisdziwvypvjjccypjvt,2022-09-10 21:54:02
157,66,4,oacpmeojrotmiahkveiemmydmkxntjmmhjfdvvrkfhynumlfzmefzpgi,2022-05-26 14:26:40
158,14,1,umiraiemluuucuwrjjfqxyaajkekwaiirwoefqttmwegmggudgyxrung,2023-02-15 04:51:39
159,69,3,lsclajhuaxguvtyouwmsuseomapdrpclzaimaqlphgjpdzyataedrfnt,2022-04-02 21:21:54
160,95,3,uegqknelzlvosphgnfahqchmgbyghccfvwieqosuxrhtsrmrqvelmgha,2022-12-08 12:42:30
161,71,1,icklfwecukehcnkemzhhlyvxfnfnmszhbhdgissnxyiyvqugqexxwtmw,2022-07-13 06:57:03
162,47,1,qurablcivyszbxnydizhwenvlgzrtltvbjbvaxbcpojveembwyzohfug,2023-03-06 08:09:05
163,100,3,oxpwjrvoygqzljqnljfhgnxwgtzjpebkxeahynrhadvfdwphqguetezi,2022-07-18 12:22:09
164,78,1,lrfeviryimhaomyilzagacvcjkhaxzmpduskdnquuilmxpntdsnabbdc,2023-03-31 22:24:22
165,86,5,wcpyczghwelqleezfmghvyuafkdndstsjfenjoiecuupcppldyyhmazk,2022-01-22 01:46:29
166,8,3,jpgajbvdxrjhjbqjaqyalrhzxorpjkyxhnedrokpgjyfaifumkffzkls,2022-02-27 12:08:22
167,3,4,zmdtgvwqlahroqdplekzoouaabjtbemgvruvomejqakuxozoqrcsdows,2022-12-29 02:49:06
168,21,2,byztnhpltgmdtazhfgapdsypiqugnvsjhqlgrrqohfrhhdpbwbxxkyoc,2023-03-15 00:02:54
169,22,5,goipebjbzwsnxltquzvyggdhcvfeucbafafsttzucxyvkldobknjxvdr,2023-02-15 19:34:36
170,53,1,adiyjgnpoqogcsonewiujwtttoqgttpwpgwcaimddzcogmaypefaifht,2022-11-09 10:55:26
171,16,3,wijorfmcpiudothxdqgezgdpfeasimmsushohfoqtcqihdjhplwaytdc,2022-11-22 14:01:13
172,20,4,ssaxpbewepsdbfefjbcpbdxnmediapzgpkwnhfwbtwodzqjxkgbipwwu,2022-10-19 21:13:17
173,40,1,srzvtakqulcwecerqkwifenhhisouseamxatyusawygkkgbgrxctbpfh,2022-07-16 12:33:58
174,46,3,bmsvsjajbyljdokmtjmabasbjohxigzlyzwaopzkcwhxwvrilgpouabx,2022-02-19 07:17:37
175,17,2,tpxcnjsmqmyfutspmntofepqvdxhjzbmzsgvvyvybtmmxekamcuchklp,2023-03-28 16:00:47
176,55,5,dnkxplokbfsepqpcregwzgbtussrjdqooatoaxnarpdroaemlfzlxfbs,2023-05-11 06:39:59
177,76,1,hotihfmabxuhirrxrlvtpscxqawilvixvbppjxlmmwiimdjdjzampbhl,2022-07-18 19:12:15
178,73,2,jsquiljiatonjhwqyzzygdgfragbhrekqjmzzprevcyywfacvdlfgupg,2022-05-15 00:50:19
179,54,2,rmcivlykwgcbdqvwktwgudigacfuahsyywsqrwykrbzkvlnzikbfqntc,2022-02-02 16:19:47
180,72,5,ufsfbskegidgabcxkaazrtpulnlvnpsizczchylbctgrpkfcvekelrqs,2023-06-15 19:29:44
181,83,1,tmjyfsiojmhgakdbcsgyuuoaadyjcwokcvyzpxbrayyhsljdezulyjrr,2022-11-27 09:10:25
182,67,2,wwsospybxzbgfvluwwipiskwdykgjpvannwikpapgujsixnrldkbpbit,2023-04-14 01:45:37
183,18,2,rstlxfypuukcsrcwhnzwhfnolzsqdkhwqcfjwwligstnekmhhppdwhey,2023-02-11 20:42:50
184,56,2,qwuhgfpovhtoxqtzuikycoxlynrssyqmdwjssizpdzicmwnoewvrocgd,2022-02-17 06:35:04
185,4,4,gduwtbtmbgwgioqzcrmrmyzurkjylmtllkgzboolhyvbuykmhhkexrig,2022-03-24 18:08:34
186,5,1,ffhdrnnstzdaqfcizfyvmbftginymhhlonlkdlmtjnckftmlrwulmgzr,2023-03-16 13:54:46
187,51,4,uixuspbacjtrzinsitzxqxrzlyosyygbnnfoojaosokuqasgrpfeunje,2022-10-11 14:27:27
188,19,2,weiwdqjpmcxwszasiafwamawykkeugkiqzwvtywnzyelswdqjuzakigx,2023-05-31 15:11:38
189,35,1,hiyrlqsbtderjnchjkfvhrxghywqnvglgqupfxfusqwznfkcfhynjclb,2022-05-01 16:13:52
190,97,4,xiupakaxyjupjefujdjrjxrgqsinkjrwykfusqnlsvdrnufwkrchbxjs,2023-04-19 04:54:47
191,50,1,igarsqsygapadrqptxibdhviuulmzmksirqfcxgvsngonuebycxyggkj,2022-07-17 16:25:54
192,24,5,mtakwwyelyqyeuqyixwvukrsseopiyenidarrerwxrbkojcjrfaukheb,2022-03-25 21:40:55
193,29,4,sbcwrurrfclwuscbojnaoekplaerwoxgbfxhtomdykcoxjjlezfkkcpp,2022-07-01 07:47:54
194,93,2,oknvkdxkvtvsynosgqkpitkkjsnuhoiojhmcpsyrplzqjopbvvyuxthj,2022-02-06 11:38:44
195,12,4,zrjhqtabflpcuxnlvgeeyfibnlwroeykqhmndbooqpbpatwokhtwdeeb,2022-09-24 14:01:48
196,96,3,frrafnlkotbmdvmkmdfetluenrhrqyctlcsudjybgkyvtxffkngvfwkc,2022-10-14 08:16:03
197,11,3,umzamxbzdqaqwvzoqboxvqbcjjdleiouhzwmubmqjvewrriymxkkroya,2023-07-16 08:50:24
198,32,3,zhubzalrwdoohgtgdfhfshyfdogogfdvihmnwxhiquhauisdumkbksja,2022-03-22 10:11:24
199,45,3,panocakjwninxkkdpravsfudfeekppbxixuulhxrygbharamnzpconkg,2022-05-23 20:05:56
200,96,4,zbrknvyytzaglsnadyulhqkywcnybsuhgxyqcfewoxpygulwfvvgrdhb,2022-07-02 03:17:51
201,14,3,vyqwzigolhgdvbgxtywlgzheaifzqixvbrlqhsxeyxwrdtoiucnpxlyf,2023-02-23 06:56:51
202,57,4,ntvjfidliyvxxclpucciytrzoxhxmxgiqkjtzmldxxdofhevocrqdasx,2023-08-25 22:40:32
203,7,4,bizqhyjkvtwmfxbxkfwybukgcdxcveyawevcitcjkwhmaoykzktztfia,2023-03-14 00:48:50
204,3,2,ruznzkyrhgoxnhjrmjtvfqyywyrupqbyhwgiiykzgakwcbjrrvkdsvuz,2023-06-19 17:39:41
205,77,3,olmsgytureuygubqnysfvyyqyzxmikbobfubcarxzxptkdsihojxguko,2022-08-16 13:28:32
206,54,3,uwpnvtucgpkbdrunaazwwgikuzfdkyjhmxaqkzrfloeufpgjgfpdqtyw,2023-07-12 05:38:27
207,70,4,gsqlfrrunonntnirikmylxiwhrbcyvovlfoghwotgarkzpsojhyceujy,2023-04-10 10:33:13
208,26,4,byhutbjruwsxkccatwsqewexasdhauhlfnrfbxfbdewukwnmbkcbrzlb,2022-08-27 04:46:40
209,9,2,btqdrlnusvkgrofoauzkoidrwkavrljcwvxsdrtrxehygxrlkowmspbs,2023-08-24 16:48:30
210,46,4,ilpvqlxrmbsfiomndawueyvafiusautcdtcopqsfcrdwaroocdvafyjt,2022-08-24 19:38:40
211,59,3,nrjnnnflixutjasqakyahlgdmrlyldvaeabztkvclazowuxtfgtdsako,2022-03-13 08:15:10
212,98,1,ixdjekkshlruohjevmtrrsfgwvidazaqeytctbvxbgkrxaednwfjdpsw,2023-05-05 00:43:45
213,61,3,xfmrwkudosgwavzltdkyxqyncdifhqtagkiqybkkcsjoxdutyvslfskf,2022-05-03 04:59:39
214,52,3,wnfogdespbclwaygyeqxaxrlawdiljqvqobqqfpbcxeaihzgetzextqx,2023-08-30 08:13:50
215,44,4,qnxwvqglbccbyelhszclgxkmvwiimmynfxgztwbxfbsszofugblawyjj,2022-08-04 13:00:12
216,21,4,tihjxrfvrgmfqikgithcocvhfapayroshhcpmhbxkvnpnbcbewkkozwk,2023-07-30 14:50:21
217,22,1,mdcuugkuaqmwmufnxczjzuvplzbkafnblvgwxlewtdowiebbjjfruppm,2023-08-12 14:34:43
218,58,4,vqbaibhatsewtpvozqipjsgpnbvvqxnamvbvlwfxchtefvfcyantodyg,2023-02-26 23:00:17
219,89,1,bvzjfpnhdqbpmhlnqckpjukqxjmvranqbzuaeraeyasxwusqimrjufqw,2022-09-15 21:17:25
220,36,2,dodjtusdayowdxqxcsrfhvyhjmpnmavfgxbnhrmrpljxglahkxuynegn,2023-08-08 01:49:33
221,64,4,pvtyzvhmgrlfjqxgkuzvsmlafvrelvhujxzrrimymofxpynnemmfezud,2022-08-20 17:10:37
222,30,1,aqgxeckvggedxgfwavcrukhpzprwlnkfzozgiyivgfziqnrohqywtsaw,2022-07-18 03:02:49
223,40,5,rmbykjrpwjvxqnczyeesniqiqjfdqzreovjhjrwicvmsfjvunbgnsoil,2022-11-21 00:35:11
224,65,5,uutjbvyumbpzwujzupyighpsitvphxykdjpruyoeihgnlckpbptpwoto,2022-05-17 20:04:26
225,38,5,qyxeuapixyddvecvwvrtgyywsgioyegrgoeabsqgenrfmkxkdbupmxjm,2023-01-17 22:49:36
226,5,2,gkjbgtunfdwcjowpjwdqyozjlyiqaqwkswvhbiysvaegcgifuoylidpy,2022-12-12 03:50:30
227,88,4,lborcihggfpqhhzggorohvpslmhstqslpwakeybfzviohqoaphysfggj,2023-02-02 08:10:54
228,75,1,pwjmixkiafkpmdqmvmzsstyzxyrlnzmlbinxbcybsktvjltxryofvwfo,2022-06-21 06:06:02
229,15,2,bejyfamploftsvuhwudzhknqbetqojpxogsmlqkpzpweuogunyadftos,2022-07-22 12:50:11
230,87,2,epivqsfmehdxtnxjymtjselflvxopgvuvajkxczoizxzbkygkyfqmtkb,2022-02-18 04:27:42
231,4,1,tmmjhiwnunspjgsitvbygwigreibqybmjzhujzodhanaghgmpvyuckun,2022-06-15 13:38:04
232,62,5,degaykodqmffghwfthlyxnqdyhjyoueodrawlkwtaqvteolmbbhglxvg,2022-10-23 06:59:50
233,81,1,gzsofbwwhufqnrrwpevmaqrrxxitjqrpzomkrbwbcljtnkzzzvdrarel,2022-07-30 05:23:36
234,53,2,glplvpdnidkujfujmcvzxrfvgdpxrfnqldqgqnwwxorxqvdjftbdorwy,2023-06-16 15:50:06
235,67,4,cdgrabmfgpeurwcsvfxfnidldomztfpohmpukxaxmmvmcjschtozjhyc,2022-05-21 14:26:28
236,23,5,khtjgazemaxvibgxjjziezjxljvtideycazmztahgknyjmyxhktgkjtw,2023-04-22 01:26:09
237,79,1,zarbmlpmaoevvmbpgbbnqvekhqiporvvxcmnjhxxtqpdtobgjzusermt,2022-10-13 02:26:28
238,55,3,rvphsikprpobbssijuxgokmezzcskotuqylsxdivrhqwmipxhpsmfgvl,2023-08-01 08:29:34
239,76,2,okeqcforwesifpfeoipdlzghczwtkdxbhfuzdougdgtvekygzecvemvs,2022-08-14 16:37:53
240,73,3,csiqpneokkhkponnfpqxtebfeuelgwsbtaiscfuhncztxmfqqnrdrsvl,2022-03-15 23:59:03
241,63,3,ntkimqkbbppxpeugokyesxqxnijyerseiwcwwtiyzmtwylbqndckduvu,2022-07-31 10:46:01
242,69,4,hkplvkpzgmzcadzuwpxnadosnoptxbvzlkpwjwfkkhlubaekmcawtfsl,2023-05-06 16:17:02
243,97,1,caxaaphivzjwuxrvcnxhkwxdguxfwotjfiiwtsziydokrwkkgiptjwai,2023-01-23 03:09:19
244,85,3,vcvcksnmctwsgcfbqnwctwnupcrsfpbdchmvamqkkrvlavqzserpoowr,2023-02-16 00:30:02
245,39,5,bcdjzcjximihwpdbsmvnuhxnwnavjmzmmomnwcuujozmdxybauhqyzne,2022-05-05 15:30:28
246,13,2,abwlqffzzcumamhehmxjjpjsfzwutkrlsjvujgsservzqxiatpnkjxmx,2023-06-07 19:49:22
247,66,5,suifqtofmjleksserwkqvclxwvunxwdznbtwqedblftuclvjljvewoic,2023-05-15 09:01:15
248,74,5,slcpieuvmjsoolxjktxrsicabdxdjljdtkedtbmmqfvfiuhgomxnakjn,2022-07-22 07:11:06
249,86,2,lvyugznnhctxtyojizhbckokebncrtkljfrlbjsgxighkynijzqubgvp,2022-07-08 07:46:20
250,84,2,hcmpckmapcmuksnjwbgiowlccvmfzbmjpfvxsnbyiskestmzpjjezbsm,2022-10-03 19:19:29
251,90,2,aurxuhtklzamugpmuwoxrysiibupzpaohxsypcpdeprtufzzrkxqtdlm,2022-10-03 08:28:53
252,31,5,fslrviatnyfqawrllrgnoyzibdgpbmvenzvecilgpfkgucdvybkibiol,2022-08-04 06:02:48
253,51,1,juhmmdeswfzmjpksxniwtnhqdwymjfvymbwvdnmhplrjuqwzqgxzenhn,2023-04-19 23:09:53
254,17,1,tbjfxgsvcvnvqosuedtypkfrtizaatqqjijlkfrvkpbypacdycsylmfo,2022-04-21 09:32:24
255,16,3,kuvrerzjggjffjtuxevenmwggydzmtvwgqgibqbhyfsozvvjphaonckm,2022-07-27 02:11:27
256,28,4,csmwuvxraulozcphcikkpxznllrdovvyewbapxodylfhknesbcjjlmuk,2022-07-02 13:54:30
257,80,2,dvqhpmpufgexfwozyhcuagkmuzcbohbhtqklgihlmzcjllnmkcwiskce,2022-03-16 15:11:13
258,48,3,kgduudrvpxfsjevtczarvwhxxnmwadxpmxftdlmadovcnimquhysuxze,2023-02-03 15:35:56
259,99,5,gexpuhebgeddjklcdwaqnwqwsbvptfrouzkvuehdvpjbgaqntnyddtei,2022-08-05 15:10:11
260,45,4,hpjgpocenddsuykzxrbqniadpvgqefcrraksqxxkeevyhwdhtcgsnrrw,2022-10-09 16:16:25
261,12,3,gptqmhakblrblzzgydpuggegsxwvkasckvlgfrjaimtssdgqbrhpprov,2023-05-04 01:43:14
262,25,1,ohlokekzouikrsolxeypituhsyezxrkyhmkkxwpxqetgjkhxhcoxvevc,2022-01-25 03:46:47
263,32,5,wmuladsrxaonmajxtntmtxjwroxcwiaejegommlcqdvizwvljlwthnhr,2023-05-13 14:00:12
264,18,2,hurhcpenahdeorgxdjxrpbpjjgoiqwtxzemghydgdeybkegnfcgyzhjw,2022-01-27 22:23:45
265,68,3,jhwsywgryztrexmkkkydynbomxrclnclyxaopkuqdhdvaqwrxcdleuwd,2022-12-25 20:46:16
266,72,5,lfcfqnfijjqwowhbohoutxkwvcohmzeqngbmryzaqjnyilsjcyfxoyer,2023-02-13 14:31:42
267,41,1,saahgrpcitvibdvimkyulcytnfypvbceypbqrgbaxxjkmkfibrfgqezr,2023-02-07 11:07:14
268,29,5,pmwlmgxjmpptktawzzlbcmjgvtqdngpgdtarygsisoeexltijfhioall,2022-02-20 16:35:12
269,24,4,rotdlxlbvpxarxsydjitknkzyfxfhdlxhaluelguxhnystilzmtawmgm,2022-05-04 03:02:50
270,93,4,jazbzyqwywtlfbxvljlfcoaumxqhclfqwamvnwehkddjdqbzstgckces,2023-01-13 08:45:44
271,11,1,bzoekwuwvwbuagmfdwlelgjbbwjyplimnqieqwjzvrvsonrhlcwcxjzf,2023-05-25 12:49:21
272,71,1,auhhzpkwohqzfapbgnrrobunlccqpbeblzkltttaecplrsdwckjorsrf,2023-08-10 03:01:29
273,1,2,lkrkzwzkqbphbldxudjqermjaveacxihavtvxgfybjodixftqojkguoe,2022-03-22 19:17:12
274,27,2,mwnbdofngaopdweicdtpyyzncfdbtoyynxdoffkfrsjnecdzkunymlgk,2023-02-09 12:24:44
275,78,4,hogevysefyvqvdwjpqiqrjbswiymdxfgybyhcedrqlxuojaydovtykrq,2022-03-09 04:59:12
276,34,1,iqrzhuxymocxdyiwoeywesyuclpndtrzasepxvegbxmgohvridthpjpn,2023-08-10 09:06:30
277,2,3,suitnbzwfnrypiqdvloojmmgmndqfbolcvvljebsyimrwcywjxgddcjh,2023-06-05 07:52:19
278,8,4,fqtedfqhpwqjjqedugaojmnscdbqodpbxrdgtqagnvxghfpaszkcatdz,2022-11-27 14:12:26
279,33,1,vdfozrydcdrzhpbdshlwprrjuacmghjzvxfmmhdlwknlhqyhzcyoemji,2022-09-06 13:52:57
280,37,2,fbdskrpbrjhyoduttmksrimuddfarkebzarjjbmaoiadwegljjkvuqow,2023-07-22 16:52:28
281,92,1,rgxjovfirkyljkiypcypicbojmvxkvddgmgqawnzsabdxoalguimlehv,2022-10-05 13:08:31
282,42,3,zjxhrifsmzbvcsttddyfstobgjylfsqhcwnmgqdnvkqklgrqpfrdflqb,2022-07-07 23:21:42
283,47,2,esdvfngjrekgxgimpxewgmtgnttjyeibgqmidbbyonunpdrsgqibppgo,2023-02-01 06:08:24
284,100,1,cbfxywnvngntyxrfzuzfbmvatxiehnppfabjonxwofjtxzzxzmztuqdr,2022-06-16 11:10:15
285,95,5,sapwtphfgvooilgalembtwmxeonugtnrtetnjohakbvuwwcczielxchq,2022-03-15 00:14:46
286,49,3,ykmlebrzzzsrvqqnteqjryouefdndmbftchdevssbxoawysupagkxqoz,2023-09-10 23:56:02
287,10,5,mvhyaozusonnfgfpulvvraifbvwuvsouffozbpkipluowedlaeaudbui,2023-05-04 07:21:27
288,56,1,lsrliaavcwhjjwakdzkvwfgzdxtulmeevoyyklmsgolsrtoyipsnlffe,2023-07-20 04:04:54
289,6,4,oqhfhjkknvsdmdqugcvkjqpsqfzpcbosucgexehiicjzysnfhpdknzkb,2023-08-16 06:13:46
290,20,5,matsvbimogvtjydoyksctaiccmyegzacgcxygeklhjjlbajvaicspysv,2023-03-21 00:08:05
291,82,2,slqkytbnxndqhnuqosuziulaotzhlilzwgpujqlukvuovtmplgavhhvb,2023-07-28 03:30:39
292,60,1,xrsadhhnyituaapwozjylvoululhgevyaydplqdoqiofecyrrzerauod,2023-04-18 08:05:26
293,91,4,wltijnqeblhtrlvomrtcxsddxxxncclzymnxiivwlghdelvowfoluwol,2022-10-04 14:55:23
294,83,5,cobbdcvbhrkktvajlspiuptnoepgmrrbbzcgilbdviyjqyhlxcgmwfuy,2023-06-21 20:07:27
295,94,2,qnbpwaanuyehiynymoqzwidrjfewrewfxqbvuzupnboogmudkxyhmfda,2022-03-08 17:48:40
296,35,1,yzjonnucmjxcpjqnuzotcebbqdqlwhxdhjqxkuqtnudoxgxzjujkyojl,2023-06-10 16:34:11
297,50,4,pebdeqrjumuxbirbauazipxmsztfazjdquqdxmslwkfpsexpqdtbmhmc,2022-05-21 09:34:43
298,43,1,uouetlxklerjrxfzrziuslhyzstohhrprkcdewzdpdxpcxoxsnucvufn,2023-01-05 05:49:58
299,19,2,nzbwddduhqyuklfshuakezqntjqfhfpeykxgwenrlchhiigepalhismb,2023-05-05 05:35:50
300,54,4,rsncdsblhxqbdtzjvqqxctqibvhuystifjafvzeoqleexdiythbanlzx,2022-07-14 09:00:12
301,65,1,ttfbmqhaeblpudmtuxcogvlxywaftlilqvovragwlsleawemiliknecc,2022-01-21 11:24:10
302,7,3,hhnuquhnxnmexsficfbqtvknhacjxzuxetuwbrrtpaeaypuzbqpnmtfz,2022-09-14 21:37:14
303,79,5,qxuzooqfkwkaxhacyoeammnmagzollqlalwrbfddsnahwrxbrgmyseil,2022-02-06 17:54:15
304,93,1,iduntmrpycvsbcxnxuvchsrjkizfsolystjppvfhyafscvjndmvxxiyf,2023-03-18 07:06:50
305,47,3,nphufvfzysjjiinvpghsloslsthtcoxwfpayywlmtwxygkgkdqrlpzgx,2022-11-05 06:09:20
306,41,3,kieaqsfykydocxzpqpwubtfgonindfszwttnecicjpnrqohubrmmlzfr,2022-05-04 13:39:56
307,80,3,yvqffwcihpinielnutrvxqwfwcufizshjymlzfperftzdnrfrowjuceh,2023-07-19 06:28:05
308,35,2,ajksneqpqctpmogzkovgvsyxzureigrbqotfxpfzkubdrfrxemnlebqk,2023-03-07 09:51:57
309,63,3,yvehyceulbefpojpmwxomtogkwonvgzpisgagccxxovguelujcujkwkm,2022-08-20 07:02:37
310,51,2,esmxgiebwsmqypmpmcjcsenvxiazxrbuqbbirmaukxflywceplkxldsy,2023-04-25 00:07:01
311,43,3,uecjnwhavhgdkrfunsnvrvgaevlpngireghqhxuzlkulhmuijskqhetn,2023-02-13 14:02:04
312,19,1,fdowgsixdiutejrjmymvggxrhfyfuxippnhiplkbzphflmwplhkuqirv,2022-11-21 10:08:17
313,6,5,epvnmqlsqmtzlnjphocbfpbbuirnytpqwxpevlkzwbiwgwrtolpgcbde,2022-01-29 15:27:09
314,99,3,ceaoywfxblscpwbwgjqzoliwemeynekozxatwxjcxbteokkhdsjoiqey,2022-08-06 14:25:49
315,15,3,emvittyfnbugyxuwtcuwvrczqkwlwnuxvlhabnwznavweiznblbavrzs,2023-05-19 22:40:33
316,75,1,tcqeqcyqyeczfahnuyclblnratchtjnbubunvayegmudopdqqixibahb,2022-11-24 23:22:23
317,83,1,jnivrqauptmrmrhuecystrmdoqchfguwyuiswaztjqfaarveacarjbwp,2022-10-12 16:12:07
318,84,4,gihusntcbbayyffjzoomtghaeobvyqtsyuilyoxgjgmrngjktclevvdu,2023-03-13 15:46:27
319,78,5,bwssljfarwxpmeaukttvnezrazeuqymcntldmcumtiniimkgyxitkqcb,2022-12-14 07:39:27
320,64,4,utudlulyvcyrixikmxpzompcdgqwfkzalzobckchvjqmkhvgvensqvmg,2023-03-01 13:56:14
321,50,4,usnrxhscbbiisbnwyeezemfjioxcoxkwtlcpkfzwzoiupugjbqzprdks,2022-07-15 08:21:59
322,88,1,usihrdgfxifbnymzevhticqhgrfpfookdhujkaqsvgojwwbduzzoicew,2022-02-08 19:02:50
323,68,4,kocqyrwknkofvvruekocsmddykxueemhohjmfxzynjsmjqizqqlbdhwx,2023-01-09 19:05:02
324,62,2,szycuduqhvndxyoafibjfwzguhqrrbvzbcuervysaqtkecxaardlozga,2022-07-13 07:58:34
325,4,4,nfiqeookbcwjrxibhqdrsggcgienacltulvmytxrxfwtehgibjckoikp,2023-01-30 18:57:12
326,38,1,imngfqhxywkwnzrchduierffqlvkxaaeqqthbqohwbkhviokqnmktpop,2023-07-25 03:30:45
327,97,4,hqwqqiyklnqgwmgkphkbqisipwmntjalfthnbzfsqbkjumooudowewie,2023-04-01 12:03:55
328,74,4,caayfkieqmgrseflbvdtygaerzhohqjjnnjeqkpqtyjhkvubnbsrdpai,2023-05-04 12:59:56
329,67,2,cgmshxhgtqqktqszmlsesgjggpbpcbnkxsngsyzbwdiohqbzwwwcqtsf,2022-10-13 02:11:34
330,98,5,orsbqssvlkmkbxliysbmzlrixcixhvwmpmipudcoyachtekserrumfjf,2022-11-24 18:15:04
331,81,2,gvpzzckhcibmhbnunkqhjnmnevyuritzbqwyahvxdjkhujvwhfzcewjj,2023-04-27 20:01:46
332,17,1,kqtzfzvymvbnuikrhjbquvidohsrjdbfnwgvounskpavjgprrynsokww,2022-04-12 07:18:51
333,86,1,vubyhcqndfvyyzudkahxxhnwlbpsceopbavyefaitatdonoxtzwhwhun,2022-09-17 23:19:52
334,42,4,jyufqochtshvfrmxtvbbokrumvnkmhcrstikfoddeujfgtzwwdqqwnjt,2022-02-16 09:12:19
335,40,2,najfdubwiyvqayshsctmjnthjghmzgzrlztutahjtyzfsnnhxldwexjj,2023-07-25 08:02:54
336,3,3,ntusunpmgvnwdsejdtbdsgckzsnaoedrafeyyoyyjgmmqvjsvpdhkjmr,2022-10-08 11:55:36
337,57,3,ygvqrdzmgjlppxmnshlkjacwcwnfjroeqfkpzrfcwpfmnpwcdqeskqat,2022-02-18 10:48:50
338,34,4,lqhxycjhcujcaqxyccdheivjpdneklotvodinrbriznvjqieyobkhhdq,2023-02-08 10:26:22
339,16,5,sgtloosncmibjhctgopfrzyhzwntyqmuyptxmtsbjuwearalssdzemtf,2023-09-02 21:47:55
340,59,5,ochzlwyehsdinyigmyumlmwtygxjxtaewupjdorrkpclcyggzgunsuxa,2023-04-14 21:53:41
341,5,3,cjxcnqrluxopkgufgrqaeaglvsicuprzuuexmolxwfkahifsbcmstwkh,2023-06-15 17:12:15
342,87,2,wbklfuqesanhfkqbemggxafqloaeeddnhffoifwmljhtfxxfafcmkhqp,2023-07-24 19:32:33
343,33,5,kgooczkepjgghphjddwfufvpggizkvkqnfqpllfnbjhtzbgtvclcneeb,2022-08-09 00:19:14
344,89,1,jwvsvvineiadvzuqwtpyyibxhujoyvapnxqncytelpwjqevwdfywnsix,2022-09-03 18:08:37
345,20,3,ybxxrqfjyqdxhkcvvecjrhneegimytfemksptsukpdnezavppfmaulmv,2022-06-06 00:39:35
346,14,1,ulxpxsvplooldggjteiemkzylesjsivnzyyxqyyxcycgcifbzmzxfugj,2023-07-17 02:46:54
347,29,3,aqgdcdnbgvzvfywkwvhozacrqjzxephdplidesifpfaizqoprbyoopqy,2022-04-01 03:47:45
348,96,5,vvbxmbnbpatvmrkzbfiofaqpzrrkpqrxjvpqkdfdjtfhyctirqfoiynt,2022-08-03 15:12:30
349,70,1,hqjebjinmpgwtntzndsdbfmwqupmogtxgxzdlvlstfondchuyrwtywqb,2023-08-17 13:51:00
350,30,1,jdajeddjaaeistmhrftqmujdmurtzkheremavkeleoltxvpzgmyyewqf,2023-02-22 11:18:26
351,56,5,mpcadxmisacxjcxtbykgwivomebornwotfpirjmsybdtkirjiobavvua,2022-12-06 22:04:33
352,58,2,stdarwtsebxneoejrbupqjbfkcjandmephpmcnbmeshpotxfyzknlpqb,2022-11-14 09:02:47
353,31,5,hiaysokimuhwxcpxrqgtuniiaucbrbkevfhqqsnqdfdfsfxvnkqtnilb,2023-06-03 00:39:00
354,92,1,spbqhkocnwhibgnservzhjqtmphoxcnqbiaroxfbhvmtmrwgoskqqxqc,2023-07-05 01:46:23
355,39,5,ldirfqmfhphgjapuljcnfsjedjmjunyqwjsyndanspyjsywkyjrmyxxt,2022-12-01 12:44:44
356,49,3,fpfaikswkptuwufccwugkvyjbsxgcrrzdzohxjdgjypsdopfmenjlhus,2022-07-06 16:51:58
357,13,1,fbecwzhhuhhavyrhpkfymnzizzmpbkwhqfbnqhoegugsmiwkkbzfjfgw,2023-03-18 19:11:40
358,27,3,khouadmtntbustvlvzzwjgmtqpxsjzoufdvmzouxwstxeochhgftaddh,2022-01-31 21:06:47
359,1,1,iuyotmbddhejitycaumfnihuytcbwgjueshimjfavcbxwjeycoomwtvp,2022-07-19 20:16:35
360,10,1,bsyfxbkzxaxzesyjiypequnfmyktxmmoqsiifwedckdlahyxlrqbogml,2022-06-29 02:47:49
361,94,1,khrngvdajqwckkpxajpbribevnokhqdiiuhhlfyfpxmobkplyzxfwtyk,2023-08-11 01:46:41
362,25,1,kwpcxkwbdaykpqtxvfxwibpxqvgbjyrxmqrqhzrtsvnqlafywakrdegb,2022-12-17 03:48:01
363,53,5,tucqgkwoyasmxdiikmacbhnujcvhwduiwvdkrlscnmkjmyrpfswpzljx,2022-07-06 02:03:16
364,72,1,ygvycicrlavaautmsgkwyjmuaxknuupqruewnzcmjbxdoywucfwlvqwc,2022-09-16 10:59:11
365,37,3,mgcivoudsrdacngnvizloaelrwnzdunmbbavisyaacbnayhlazrpmynx,2022-07-22 08:19:22
366,61,4,nifbvpbdricjipfkqcznahauzvsdyglhnswtgnwggbnwbaawcyrrnlvj,2023-02-24 01:12:25
367,9,4,dpqrbydkliunmlfemyzpbkqwvetsmazznadhayexkednhigpbqbamlbr,2022-08-02 04:18:46
368,32,3,dnkssaxakktnqhwguumcnqcdwvocvowjbezgdtdrkrxbectlusrkcdyh,2022-12-07 23:54:30
369,24,3,voxhljiyqceqwzzhsbafohpcwvgnkozzcdoueisbufgxjggcsqbdktuy,2022-12-21 05:34:06
370,26,5,urhnuhtcswvhszhgjjbqcoavkacucvponrcalfeqytymqsarrdnghuew,2023-05-28 16:31:52
371,44,1,ecgouezkgeqwriazgmuijaldwunjnsphffzkuwkpnivszshhuljihbjr,2023-06-04 08:39:58
372,91,2,pjlzqnxqigrbietfgdkmocpghjlkufcxvzcoyadyqmpwlvhvpsazgvcq,2022-09-16 01:57:42
373,60,4,gedffbkzkrpzasitzxdoqgmibvlybotpowuysstxxymgkmtqtcbevehx,2022-06-11 05:04:37
374,46,5,iboemoednfhfpkhvmjnljbhjucsjzmueqkyaoxyrzjbihwjzorgpnxsu,2023-02-02 10:12:54
375,73,3,wewgktcvmooicihyaptsbhrtqcrzfmihezirsrpwqjeqmtwozdztjzgv,2022-11-25 19:16:45
376,100,4,ejaxjulsgaqxgamajjnnhrvxebiqrkkfglflyyqnlkgpqtmictefdctv,2022-06-09 23:26:47
377,21,2,fhgzwkjrbmlwjozihhxlnseupptdzugyucwcchfuvwqgukcunpobenkt,2022-12-10 20:52:12
378,82,1,yhxmlkkczrnzvfggfncrjixpiccidqrvduxtfqormyioymdupdskyzrg,2022-07-22 02:22:30
379,8,3,mhaioljupmdrtabhmvyczglcbaslroqwfkacdcrypksrpkjdibtoumkw,2022-06-16 05:14:28
380,22,4,nynfglsjjtxpllyoozjgmkejhzumkutqwyiszfqihvhszpximqzjswot,2022-05-20 14:26:07
381,18,3,hsaprcqfjvftncksomhkwgbefkbxtoywlpciamvoysjdnwadomzuiiqv,2022-10-16 03:21:47
382,12,5,dcizgbpiybglsuopejrendffatxqedbjhbvvihygpdrihwxzrricbuhk,2022-09-06 01:42:24
383,45,1,znucqoccslyiywyoiycdscwacfkmipbtizznvzloxtmoxgeabizmaybd,2023-08-28 19:33:02
384,48,3,hblallzwhpfxabfrzsmjmxcloxgqimrhodipfiwjxugzfvzqlybjrnux,2022-12-04 21:14:38
385,76,4,olbkhqbathrblrderfeosagvyrrfbhssezpgmnkspwpuynbgekddhaos,2022-10-26 02:54:14
386,2,3,ldgfzpnnodbefaqzfhcwezikgcmropduqswvngjodaktwospwhdboair,2022-07-03 10:07:16
387,11,3,xbilnvykrvkrxxvhyvthdpiwnzvmjmnwiqlzvedrmtmcaoehefxjymvp,2023-03-05 19:08:35
388,69,1,avqdhqxnkrmzzazthvthunufwhnfpdgplxqrfhsezlqisnyrdpmthaoz,2022-11-13 05:48:10
389,28,4,wnappfwrrlpzbsyjukfgdlnygsjfdhkseiehteqvypshgszrpwkiyfxu,2022-07-24 07:13:31
390,66,4,pwiaqdoqrnsedcrdhsynqiiidhhbaqfxfqttnoafdwjfaezfufcrbqku,2023-02-14 09:07:43
391,52,5,pwsfzygacwkgjclnwisidtlwfaxunzcaxubcjimuiykwyktimktpvkcm,2022-04-06 06:48:17
392,85,5,bafpqmmfyiknfvvmitesbwhmgzwnevyzjsptiqapryxdxtsbqfuyowbg,2022-05-27 05:16:46
393,55,5,cqeujwkjhllwdlsrsbtgmfjhfacwpnqlclsewhilahuxmhtychcgzgxs,2022-03-27 18:52:57
394,71,2,vdlpgvklpfgipkgsnknjsnddpkpqgxygtvzsbjijocdnqakkldmytfcp,2023-01-28 07:45:46
395,90,2,fwcwesydviatiwkfjzssmkcozeexzmjpdgxffxpiejciyouecgtdcjfq,2023-07-23 00:39:47
396,95,5,nplfkgxuuhgpxgeplmgwmdfsteasokqwqghctgdnnubrmvrtyrxdlwfu,2023-08-03 18:15:31
397,77,3,dkbbzkxeelziilbuylosprnkbihffpzwkwtxukmbinbxkocxiehbnjdt,2023-09-07 12:14:59
398,23,3,swjfppvtwrqytfwdhdzrzjhcyxnqdhmattrlszkpftqbgahyozgziqfw,2023-08-06 02:41:15
399,36,5,dezljvlurfsjtvxhsiwufaazkhjseyxlhdnvumcfaavepyieydkiddef,2023-06-05 06:40:10
400,98,4,bjfpbieihesxyhmlohwawrgswklitrbajzeerqwttkhpoogbadyngrmz,2022-09-21 04:08:09
401,89,2,koimzydiymrfxzdaeoypscjwxkefdmaysqboiinnoxmcsuokhpfjrifr,2022-01-24 01:32:58
402,26,3,fqeeqvyfmtwhwdrxwlyhzxrnmuzyktklkthrmajammieeqhtmiysfvzw,2022-04-24 20:56:27
403,58,4,bycexfpycodlkobxmabkhfmmjnvycutwupbrnmdedypwhggynbmxbkjw,2023-07-13 19:52:17
404,34,1,mcjhnqtabdunuqpqzhnljooqgvgtqvvpofxfipkbchhgsmxfscydxbbn,2022-03-31 08:38:26
405,5,4,yitwbpcrkbwtgoqdvhilwemtlkqbjunxucanszpocnvqpfvpnxeabtst,2022-03-04 20:46:52
406,33,3,bewminouyckahmlhncvkdaculsjtmlsrumujeaauosaqlsdezmjyfqss,2023-07-06 10:12:59
407,66,1,iibwkmrzpgrymtxhkiwdwqjvublwhrtyltqouhgkmoxlcngnwwotjspy,2023-05-24 10:21:55
408,55,5,lthehlqokthbirahzftfsdzfwijtqbiefssknzjsgjpadhhgjwmxhbvy,2023-05-09 10:50:40
409,54,1,mhrjobdaoipogtfptjfltlguuhrziajopqogqsxfhtngcgdoonheiziz,2023-03-16 15:49:17
410,100,2,ogmqaqcgpauftyrddfaowsldburhmsuclgtcbydjgludxczsngzolzqk,2023-04-19 22:57:16
411,60,2,czrtmrrehfsqrrepfdzzfgkwqngnkywsrhhwsvmhbvdxpoyzrhfoqryp,2023-02-22 04:56:47
412,40,3,dfxvoebtdpktfstvzipzljdyfscrjcyhhkfgilhrnoslbgdqtblfzvve,2022-01-25 09:13:26
413,85,4,tpwcdqmdvyqueogtqaogqitheopuelqsspmjsuibmjsiaqocxrdmtazk,2022-01-28 10:23:48
414,42,4,vhsfylwtgqmeahvtqpktjqplhvqinsdcuuferfocbsvdmjjyxjaufnoa,2022-02-09 13:40:58
415,46,4,vutspsqvqzfkaijszzpxdnyyypnnfocbgsscufpbszdorivpvalnpsgv,2023-03-10 06:23:49
416,82,1,mjbazloifrhkwqefegnvezxwzskbndnkehiiixknalunwjdarnncnjii,2023-04-09 22:27:57
417,21,1,hxqctpqchucnuvwgimzciaafpazwafztatjczzfqnqabqtimpfwkzcnv,2022-12-30 09:19:33
418,23,2,djilqhvxzsojdonqrmlbumabgjdsyjaeepykanpzmqrcbsqvcsiwodve,2022-04-14 17:24:56
419,53,3,kwvxjhngtbgwomtkkkfivejitmfuarsctgpssleurrznbkvtqbjsmnym,2022-07-26 13:28:44
420,65,3,jmtwhpaldmazxwkucebjodizzcpbgpkvdkjxzuemoxjfcrmogefiwryh,2023-03-26 18:04:34
421,25,1,ljvmrncqqrtoikzmnczdvpnrflmvmegeafrlemnlqwsuzbnwpewzhsrh,2022-08-06 13:16:49
422,24,1,fdeqdvkrehyptbmrqsnxugcxfecdwezjecwpzmkfiuxoccakhstvygsh,2022-04-27 06:58:31
423,32,5,ywwjvfjtwjrxbayxogjalicpoxbocpbaokqogkxhywcfmwmmxwrpbtjk,2023-01-05 22:52:42
424,18,3,rcnopuatjdvgdovopqrmbpddxkvmtwytdmjvtoetjmnivqgqhtzooblf,2023-08-01 07:02:26
425,39,3,qnnzdgvxkefkkbkafedpkysgwjddfrhjatjmxkrzcryoknziaskqufve,2023-08-13 18:56:58
426,27,2,hdpftalgffkbnxtaghjvbjbaeuqcsjghqxfbxljegooozwyhrciktpzb,2022-06-13 20:54:42
427,80,1,ukzetmpnnzowzaholcmqlbehibupvdbtzbdmyobfbtgtcwslfdgerndx,2023-07-07 16:19:24
428,90,4,jgjmkbnotcziniszqlpykmvtpmocfbzaokzrhcsbmkogfcqxlhkhoxyc,2022-03-06 09:14:45
429,97,2,jnjdhsmkerqenntdurelekzmvrzvcgeifpkdaekqxdwoffcyimekridd,2022-04-06 09:06:03
430,52,5,vcqdtsopnjwjdqvzdamiybmvbxbwxwzzsdqdldwtijlpqupxbevtmfqv,2022-04-30 04:11:10
431,56,5,arbfedabxtawbvotvpqioucxsinrwnzgjwkbwhdryrbwzedtjmmcpfwv,2023-03-01 15:22:56
432,57,4,uockuqmkkoagcdrdyocvcfoonknondacqhhgvonvknimrumvpmlqhgkr,2023-03-20 14:34:02
433,96,3,emfdgosgjlowxmjdwspmfjdtxwpdtkykowsueohjaafohsdziemcaxgp,2023-06-25 07:11:57
434,10,3,qeorzyorluqjlhrylwngrdnpgwkopxvajgdkgqxkooybkoelijjoradj,2022-08-16 19:30:28
435,4,4,olcqqhdvevgvjhklrzeptkxgehhasalcecmcfjysowyoztsecrlbkarz,2022-11-12 10:20:03
436,35,2,vptpduzltqjlkmbtntazaoeflcwbkuwokoiioohcbqatpyfqdazpswbj,2022-04-22 14:29:37
437,12,2,fnujlqhxpoxnygkbensgrnsflggwvkuplkawtfmzracmjucfqvlylbch,2023-02-16 21:12:40
438,91,1,ggnohhotnrvwzakzkdqedognwymhomeuiauywxpiytyidlcaypvdchiu,2022-12-14 10:16:49
439,15,5,nvumfppqwbagofuztrklkqmoeijxtcudlyjiginxihkrohagrgqxdove,2022-12-31 01:19:54
440,69,1,gglqjcgyazptnbzmlmwronsqmfgbkrpyglsygsdjpathzupkxbtpnibz,2022-09-24 13:18:00
441,38,5,ytyuowgmtidvyiwqqyuavkqamwhisbroxvzacprongbvtrezvmlsrfyk,2022-03-21 12:00:23
442,16,3,zgrkujazeacjoaiuxebtrqmrtiwczjzdtqviccydrezbmdplxzievgdv,2022-04-17 08:49:56
443,51,2,legabnfetqssxhlwkfgwhacnnbsqtzdhfmxdbqtbxkagdfwzdaaqolfi,2022-02-12 08:08:10
444,88,1,mdqnwooognyjchnnxnyfmzcjgcfcsvpwlkkttopenktbohdqhvvlergf,2022-01-25 10:40:50
445,7,2,iujufqvwdukfhvwbddxeduughbbdqgvlzqcfwyadtiwaxrxzruhhqdqm,2022-04-21 20:52:33
446,2,2,eobealectfxpiyhmqbppyjipdyvikxilgedtuyzhnxncckjxntcmufko,2022-05-25 00:46:39
447,86,5,wgtpayhuxokfiewmlnlfbkxienmwfslfxxwxcwdonbyotvgithhmqdsw,2022-06-25 14:15:12
448,99,5,ygyrgovrijpleeuqufaxvjqrtqbujkjmryaaveiduxaooyfhgyntpiqh,2022-02-20 20:12:13
449,31,2,ohmusrjmjxsabcyscnfflxmqtrfldczkjcurvpaxfvzwfodattsyhrow,2023-08-10 16:26:52
450,81,1,ygzszsszrfdehxdglaaycjkflzoroyxqtiucbserlwdhigwffjbokkwk,2022-09-22 20:23:52
451,47,5,knqakdsduwrputrpsctftzctvdwpflxzcjaowqgiibkngjoftratgpbr,2023-05-13 08:25:50
452,50,4,kiarbszpkfbxlgpmyyeqfsgdcheindpjfiqycjougryecknudfnwmgzu,2023-03-04 16:10:12
453,43,1,nemskvtgunhyeesflowrysxvhwxslgbctaxguvgclorwcnllvuatpopc,2022-12-04 17:08:32
454,36,2,xiagrujxnkkgwubymhsfjvenmjgyhqaxcrvdqtegegaytawqiyijiylp,2022-10-21 07:26:32
455,59,2,zdfphjbedyjzsrnswdgvhwolzpxbjkactzdidcpobmyeamtiwpscunkw,2023-01-30 18:37:53
456,37,1,sbrjtzpgkmxxvwscgrdpxhxwokvceuccvnprqcttfrceoztrszvdohnv,2022-05-09 10:42:27
457,14,2,bhvbpcmxmlifyrylcksyttkcictfeczxqrsjxjahydhhafzdiiniofxm,2022-11-11 14:56:50
458,63,2,grqbjisxlozluhchbiafjulhpahmernzbheiznrnmrqvfvpkewdyktfq,2022-02-16 22:24:08
459,41,1,nubjugeewicydjtcmjvmchnmabjffcpcnvxebccxrfrgphmavaglxfbt,2023-06-26 03:52:44
460,49,3,wvxawfcvwdgbamxeaybwmkbmainvmcgjimjslmwamytajeguqfcfwhaf,2022-07-15 12:01:52
461,84,1,jdxyxzzubxpqzuoafirzfjzekyzcrsxjqoxeidnnkomerzlwbiafiyhl,2022-11-16 04:40:35
462,3,3,ksizzgykrulustyswifdkcfvxvgzpfbfcwfavibtbsdpeeawskxwwpyk,2023-07-08 23:00:09
463,6,3,sdcojdqfoptkdntylkjznbdmcyozrcdjaryapvzhjbgidxfuziqcauia,2023-02-20 10:14:28
464,70,1,djwoeykkbtgbxojyshdwvkzjnjgmhrljuaqyyhzfdlxclhagzppgtucd,2023-07-14 11:30:10
465,22,4,cuwkqnneerxbxnnfnaqakqmayopenmhwantqycpgdzggjvnpahldnmbz,2023-08-15 12:14:27
466,48,4,chsesqobqpchuqrexcupkjkjmkntgbyasbciapuwsvnvuihunvfdkzfg,2023-08-17 14:19:37
467,64,3,rvlijqvtdlxcwvcbvaoofiuwficihuvebtntltjhpzpjioqsmlpjgbfr,2023-01-15 12:22:48
468,83,5,bshpozkjxkvcezfrmfibbwuaxawioyvqkyccaqsnnuzhjnrnfilaxhfm,2022-05-25 23:55:44
469,87,1,jhrtqwlveskoqrehnwcqpbgistkmrpsyilmiplsufvoaljrjpsqxjmhs,2022-07-11 19:53:21
470,17,2,oovqweuhmoqxjsgbgyicpzwutbfvdwmobjnizebnxqprsenhnqctxwsq,2022-08-01 14:13:13
471,45,5,lnzkjbtagpagxjtpgqngjrrssekewqieiqesewihwwpdqcjceeolpndo,2023-03-16 07:02:08
472,44,4,qcijcxojksfpccpdqodjpvdiwznrlkdktcyvgectutwbgfseokzxzltc,2022-09-21 00:13:52
473,95,2,qzythmzmagxaqqnywfndbmnmoyvyvbezwbwgywnsfkfiqzoyictkvoqm,2023-06-13 05:56:42
474,20,1,ucxhtwnowrvmdebqgwhzvppnbkssftoargaxiqsogzrfntfwrsksehrl,2022-12-31 06:15:44
475,67,1,ucjxvghotxpjzzblvcencckaqsskhzvthyteubahuanawtqzfaephfvw,2023-03-05 01:09:00
476,68,2,kdohwxejtsfklcoweoydwbpvicfhdjggywatbfaxudazoqnerwilstku,2022-12-03 04:02:02
477,73,4,xdqnrpekdtshtxdparokbsneywggmjjvllkeqtsjaygmburjvtlzfhrz,2023-02-08 07:52:21
478,19,2,vjxwblqsjvnkebcnxcyjwoodrmuhkolgijmskylvcobkoodmcbyrpzgs,2022-02-24 14:48:17
479,11,4,iwwycqlkjkrxodychcetfsqiulvqcggitqqwqkvnuydnxzwbdwesbcdh,2023-08-12 15:40:17
480,92,4,tazsyhfugadjpkzsvromrdkcpuyqgwxriovfvcovumfslokdfxtlypuw,2023-06-22 05:54:37
481,9,1,auwclpstwpbmhwhccqxnjkzvrpewivkvvojdsqbbqblzimieinulbjws,2022-04-28 14:27:31
482,1,1,kkwlvgjmlgrxtcorkaenlkbtewhnanepxfnvcayicajffawyawmldjsm,2022-08-08 09:18:45
483,72,3,iaemediuamqafulakspdnqbuthogegohcuqezxtpjheouwftniwyfrxb,2023-02-11 12:47:28
484,78,3,yfgfopheoooccihxsvjnewbxigpfyqjigmkasriakgjcjjtflucbgjbc,2023-08-29 23:32:18
485,13,1,nsdfyxwjoczlrbqdmyifngjyxehtvammfavhptlefjaimemncpoervdq,2022-03-10 15:44:51
486,28,3,nuvxrbqazyhxhzdhdibupdyeseepfszkmmisoqvsevqlcgloqonzngcf,2023-09-09 11:42:01
487,30,1,whtdmvsqdkoqmaumnbdumaryczewyyrrumpttiiylgcmqgtxhkqgjpxt,2022-04-26 03:17:55
488,29,4,swvpevfozwxnbnyelpgfsjwgzicaprpyeknsrfhwbcutoyfxrbrpueeo,2023-01-19 01:48:53
489,75,5,gcsferpzwlrpmbqvulahlxuvtbmkmfoyyaraialcdxiyicstsddvnsug,2023-07-08 12:34:29
490,71,3,jkeblwdwxetkvikhaaymomgcifkhfdeplhgcjvwiadoptbpfyswokkbk,2023-05-20 23:33:36
491,77,5,mnsfacnhndfbcdczgiybrppjsihsgqqwlzmemmmypjmyhkmpctlropcy,2022-12-20 04:50:04
492,76,4,qaddhauaeppezqaqzpnakmmuhougvwofmddyppgnywhqolknpjfidopl,2022-06-22 01:24:18
493,74,4,ocsloddpsxbjeoluhzvlrxbhueccpmpoibhtslibsolpubsrnorpinry,2023-01-22 10:23:54
494,61,5,glcommfkymcvfkqyltupbvuhwlrwmblrwnqfljkmolpxqsmitivqkqin,2023-01-18 17:17:58
495,94,3,vzdfxbzrshkrjwhcntsrkaiygidpjfknvzkylnwsaeotyptqniisltgw,2023-07-05 00:09:25
496,8,4,gwvbixjssvykjrgfwzqqunvaodnymmwwruateihpslqvvkzupxdnqtkk,2022-08-03 02:09:56
497,93,4,ljaoenbsrtrwbopwcanvrucqeuxtrvulihwxtuqjcxzlvxxyxixsiwfz,2022-04-27 07:08:12
498,79,1,mbtvuuvbnuejcfekyovaepvgacvehxosimvnsbwlkjkhcuabmfhholyx,2023-07-23 11:51:46
499,24,1,vswaocadbrcbslmapxziuashlmorqxctlglhcfkcrmurxzegblpjrxis,2022-03-31 04:19:51
500,89,4,kxjhwtjawrwtuxensbfrcdcyxlzwifpqrmrpyzvxqzprvqqqsfnraiuu,2022-11-20 02:21:52
501,62,1,uhxlxoqetzdydobiluukbtsqdfcggdqgyctlkwthgcawuydxgyznkiqb,2023-01-14 01:26:51
502,82,4,dhrswieuzlwglsynrpqyuuegquvaaqeozfqojrhgtienyaeiumdcesoi,2023-07-16 18:13:47
503,81,4,nmdlelqguvrdobxneuzvnqwdjakskbeksrbunafqjanhaioppfmutnfa,2023-01-22 13:32:59
504,43,2,mbsyvbtrkihxrzbitiydhkarrupthtiqidfvzfltpsxuxlufnqtzccyb,2023-06-19 08:02:37
505,94,2,vhallykroqarzggcrumxmfeqqtxhvgtfvnnohvqhgjhokpbkthzsctxp,2023-03-03 16:35:10
506,90,4,jxmvhaeocqvnzgelqeoogaxwxxoyohuwjaxjqbllawqxwqdmvdxhhjwm,2022-10-21 10:48:46
507,4,1,bmebwtlxkckkzekodvumreeekfhcmdqvjioqiannhhhhhpoqbkmpeqks,2023-02-15 14:34:55
508,15,4,hdkdfgglxsprmbvpebrodgxbjjboocsngidovejmjsqgkljfrdlzfara,2023-03-15 10:47:43
509,36,2,odtnkdavxsdsgqtpcljhmdphangulhgkrelhojadiqzooxjhezohdscw,2023-05-27 00:52:36
510,51,5,chuifgzwpxceizzoxrvzayciypfgeqibciybhcmdniadwazokjvrvdxz,2023-06-01 05:22:01
511,12,3,kjolzedveaqbwjfcfibfaxhbmcfkkvwfejutlzkgyyhnuupbjvoyiylc,2022-04-12 11:14:09
512,3,3,kmjrkcddqabxrzaelfendrfmjfszusgjwngajlyffsucgnsonluaehqi,2022-03-08 07:26:29
513,30,4,dlbpykqdsukrqpdmldirlbzohjrrxitcjlpazsvayxbskvuojkpbgbvm,2023-01-05 08:15:01
514,73,1,edebamguhvhojsnjdxrfhytjkfsvjxzkvjkefdotofsazcerenxdfnjw,2022-11-04 20:16:11
515,85,2,cticwdkogbcbqjqrzbbrxojxvagdebckiuvqfbgofehkfjucwxjbhrfd,2023-05-16 17:52:38
516,96,4,roughaohfoanubqxxurlsjfyanuswavdfiztbtcgtljfselpgnsatkvp,2022-09-15 07:49:21
517,28,5,oityrhuvfogtllakejgsqzwucawmryofbvxztgdszdwdirfhwgapvfsk,2023-03-15 13:56:06
518,71,1,qquummekqsunrapowkyflhdlgsnhazighveyqtqdvbiflcpqvjjgxzul,2022-04-17 16:31:38
519,42,3,xjtrduvcbgpejudghppaefwppzkoifbhmnhbcsalyxavcfdbpwlzkenv,2022-03-04 01:17:27
520,59,5,onbjvttmfqayzertkwwxrzjatdewthytwemtezysauxklyhqpebrrmjv,2023-07-14 22:16:23
521,65,4,djaeglaqadekmgamgkclzibevgyogefnqddkcgmivypjsnqslrmkxczh,2022-12-02 07:34:15
522,26,1,imcnekhbrcflorjqtkxkitophvzewlmbinhdtvixnnxfzksdqdpkpqvi,2022-02-12 07:34:24
523,95,2,aywccefsukthzarntsacqwgatldqzppoyhrgmjhqfdtfbhtwcjiqqsgk,2023-05-24 00:08:44
524,54,5,lrhjfkpqdeiitkybelylxljqefssidcbvcmaqefrhsmmxatkltbmwhjc,2022-09-04 00:14:08
525,5,4,nspucaxwbnbzvmfgsehhgofixgogjdllfenwktbkvamxehqlolacbybm,2022-05-12 16:14:08
526,9,5,xdpcfxmtonbzpkgvzcgnwpvihzugstzthgezvrvnrjzlramgfwqbknzw,2022-03-27 01:47:12
527,60,1,wtlunvqfvtclvrsrgbgbuaxprfgbgyncftvgqwiusaowfledvqisetle,2022-07-16 22:28:18
528,72,1,nfkzzngyatqlbokppwumnopfsaxjkqbzkuxsncxcpvzpzbaecdsqexig,2022-12-01 12:41:05
529,38,4,pebxhfqrnzhruajmnehnoswtzsluplvysutucgdjghxtnocgnwflxdse,2022-06-05 21:43:32
530,40,2,pszmticiqhyltdjqbofwxtzociizlkkpgzqpfafcunxixrdanjzdoijd,2023-06-02 14:06:10
531,14,4,oemffvvuxipazolzisoegwzgvthuwoxlqsukadosuucmzvqplhvuarqe,2022-04-02 23:14:24
532,31,4,dvvcxcdoctaizdlusbccfzalmtfscrhyicsgpxgddmhhwaexyjbwphwo,2023-07-27 17:44:26
533,1,3,ehyglkjpsxvkiusrkzozppbfvoekvptbasqeojersswrajjwbmlwzvra,2022-04-05 22:53:37
534,70,1,wswlxbquiknprxcdevxgofhijctwehqnxdnttkjeapwtackpqceopavb,2022-03-07 10:49:29
535,97,4,mrgefbmsyttjhdakkjnqvdcxsgrhucmfslcshrfhmjccsonqyjtxgjpa,2022-05-16 01:00:00
536,83,2,iegjhpnpqcwgswnkxpfvjopgwgfgdnullexthcgclxizmqofizsdkxmv,2022-02-21 12:53:27
537,49,3,mtynaislbvhvacgdvizsavzzvjcodyrjsmqvvsqulphchbjcnabxadfs,2022-04-29 01:38:25
538,50,3,zwrwodokjnsgpihgcxhlldptstoxesofsnqcoxchcyeghjzwvdmisulv,2023-07-20 19:30:51
539,18,1,zvqgdbzymluzifqxcwfdfmjpuefmxwunplkxmxzdsauymlnduvwswbvx,2022-04-23 17:54:26
540,32,2,lonzhskczjfggxjbjpvxodoxjoojzaxnuznmecjugsalpkjorwuupnow,2022-04-29 03:27:29
541,10,5,couwpomiluixdobzmobwtqlsfrgjggmlsqdyfzvkvgknwliscjaunxpz,2023-06-24 21:29:06
542,25,2,zcfhjnvomtsuvxmrdwdoslxssnehuiaesizfllocgimejsilwuxpuafm,2023-01-26 19:35:37
543,44,4,lqtzjdtkztmeoyrqlzwppudlnjznrrhevayfunvddsreekgoyyhttjkq,2023-04-13 21:20:09
544,67,3,qfoppvkbuvykvdsacijqwptvbdugauvqwdhbrcbpdasxebtzqcuyiuru,2022-07-03 08:02:23
545,53,3,xgjqzwiffojnofdccyqfpguftfizzuvfweamkhvfnqgeobngljlbiykk,2022-03-10 04:08:39
546,19,3,vdmzjtwubmuqaiajehlshgnwhpytqbyucbfjeejyplnckeywyhgtgzqd,2023-01-26 23:45:21
547,21,4,ukmcixqxnwwnctjklgejnxhaiqongoxjnlovfrsojgqwbmryyfxrumho,2023-06-22 03:38:54
548,23,4,wqbuohdgevyrpgvlppufckitrjpqxxkeulqqbhvbozznixysnmwnfggv,2022-12-23 21:01:44
549,52,1,oqpoyxfgljrqhfixkzsewjwvxqrgrfbxoinnrmgrpcgyxiwqopjrplnd,2022-03-27 12:36:43
550,100,3,yvqluzjjgkokxzkpxileymchoxydshdctaufrvtcszfccrxuwgjanhxj,2023-08-13 07:30:32
551,77,2,giyyfqbppwqrqxvjfdrhgsoxszgbmmhqjgiheuretqbqvkhzauwirmyl,2022-10-04 23:42:18
552,91,2,sfuagaghcfkryunbmczjmykznwddnazvklwnzwuypenbutgzphzvgljc,2023-03-16 08:38:21
553,17,4,xxbotyoudtysrwknxksuafermyrzjsfvcksqmnlmvqzqqhjphxsejgwv,2023-06-06 19:16:32
554,41,1,ovbrgmrjtrdimxiamrxuepezoqbcxetrgvqihhccoufvatduuxbtuvxx,2023-04-03 20:50:02
555,98,1,szrhczshowbmporqcvqmsbgqmxrhhqxcuuokiyfchrargzqiejtkhdne,2022-03-18 05:26:19
556,47,4,ggnqsnngakgqosbfjjevhqnhrgawyahmdovbdhdkmickoonbvqzochua,2023-06-04 09:50:29
557,13,5,qbwrmuvolxvlcxscoxkqhcxjmhjzbebbowbrnlajceiloxvwdtmderyg,2023-06-25 02:52:15
558,99,4,jcenxyeykqxwadktthwqrxaunjqucjlerhczcozyqkhbdqjfvzpgyywh,2023-04-04 07:00:02
559,8,4,fkunjpnztqqsrzcfjjvgifxnceleknmrsqgshwivfxcdpzcpibdhfnvd,2022-10-25 01:53:30
560,93,4,botmyndjapxyxawazbzxjzfsszkcxkwhqavxynoyqhttpdriborlrkki,2023-01-25 21:25:07
561,22,1,irrikfacsynhdtlnhmgfjvdhctmoiuzxqybsazwfsatsceawrksymjla,2022-07-27 23:17:37
562,20,1,awkzyzcjxhasmggkcjgupicnxqjagdxvnqcxxrlwfakhicmbifsvyoza,2023-08-01 01:23:36
563,88,4,xxchtrieqxhkvdqfwtyihdftstklkkdqzfsppxuvazdtvkwtzqneyqfs,2022-08-22 16:12:28
564,69,5,ybziylyhvulefdzbplqaujbppwjoxhobokwhhrbcyflauejldxlolnud,2022-06-26 11:37:24
565,84,5,yupkvzqxdgjqjfpexiivevucnxohfdtmxgeqdwosladuljvxbovldsyz,2022-01-24 21:28:05
566,87,5,hrotzaktobxmuntizwyqmbikhygyscppzkirodqpxixpifpgojjotpky,2023-06-16 15:00:21
567,46,1,rqnfxysepqmerrlhveejrnpwhiejinhkqilaisbbpxjwpupcotnmdlje,2022-08-19 17:25:59
568,61,1,yuqfcwobsvhmzgjbbfpccvxlnjszqymyqrhohraqdpkixjrbodwvtuqw,2023-07-14 05:34:16
569,55,4,mgjgesqponqcacyxuiuindjnilcktcjrusotvryszxigygncmzshjnsj,2022-07-21 23:10:50
570,76,4,gnlbqrrgbtedfdsdrpdksgxuzybrxxucpgwxjxyzuktvsdssutfjpplb,2023-02-26 22:52:55
571,37,2,pulnwvfcrnqgkvfoogzuoxorfyvqeyrqgibrdmsqrikngbcxeexnuxrb,2022-06-11 03:05:30
572,39,2,lwjmcvlvyltlqipaczdwonvlobrsyzmgptbtjmeiattiykkhqbjgwppj,2022-10-28 19:28:05
573,11,5,soekpyeygblmlxikgrguaxyfpkzazdkcvcvqnxgrtqiwqunrtialxntq,2023-03-25 12:04:27
574,45,5,ahqkvsrztkndxxbdoodgzkcbqaufrafzdisqnttyaglptfbjcptptsrn,2022-10-09 04:42:50
575,80,1,kvjnwdygsfqvqxhdnihbonisxklxzzlizzusbtnxdxaljopotqybbnxf,2022-10-24 12:16:29
576,58,1,yekbvyfpoicrfasuzfgjvahtfjkhgooxasbzhesligsrswoooykntmik,2023-07-27 03:38:54
577,63,3,yelqszxxkuneqiciovrdzlicsfjblywadvdxkkdhvpzsmqlweyxmusfe,2022-12-20 13:52:50
578,74,2,mcfnxgmbsbhhzdgerfzqdnjfmrhpitrsuitdmfbjcihzljvjklvaxvhv,2022-05-14 03:51:51
579,29,3,rquzhjqjtastejznsltxzmjnsqxpwolgbowddhvopvwbyaguliusxvkn,2023-09-06 05:22:53
580,66,4,wowdafwcfyfgnsvpssrecgduqdixtotwcpieovjxkajopuicgtsxjhcc,2022-06-04 09:45:03
581,86,1,qubdzefnojmhpmdlvunwwadeyhjkqjchfrzziqfoqaxudulcdrzjcrnv,2022-04-02 07:00:56
582,2,4,hzrifgzqpabicdelyjzfhgnjifuhvbglxaocmfzlzrktbrocsealqyun,2023-08-28 08:28:52
583,6,3,owsbsodhbeggcbunwvjrtkhextvjkwdxjfspbhooxjuoelnhrmyhtyct,2022-10-12 14:05:47
584,16,5,qhscljicpqcmmcmpalrvtmjosggzxdildniewwauxilyzxunpbbhstmk,2022-10-13 09:39:05
585,48,5,qgbbzzmszbgbqllgtuveegwrjhwmycwiaeliucwtrwczgpmguapfcjlw,2023-03-07 01:33:29
586,33,4,jilgwczcljqjbetjnhfwscvyktmzjcrtwintiblarmpvireelxvgntjc,2023-05-22 13:17:41
587,57,5,zctulvvaxqqquchesuabsnddbyytblytmpiabkvoqnelpupkwfgyirvj,2023-08-19 16:28:16
588,78,4,gdmqutkoouqjncdhypwwqiufzhzkhwkjxbceyvkolyvffswgrezfhrez,2023-02-09 12:30:42
589,7,1,dzjaqlvzxvoqibcsljchzjjvvsbosqseklsjekxdmljsctqbqroyeqwx,2023-08-22 12:49:51
590,68,3,sbpfjaxoyfnlywaslihabrprsrglicmxkarysfxwkimtjkfneecqkpha,2023-03-25 09:42:58
591,27,5,rziptyvzwogcedfoqxmsfgozbdesdgxqdtgewsrdlfdwsvqwjmlmkvlo,2023-01-29 05:01:22
592,79,1,ckmulzqcljzghbezfreherpqiusrnlvcegimaaukstvitmwwqtfvxdit,2022-04-24 11:41:21
593,35,2,jcmtqgffmokxhopxlqacluwzwagnvcgwkkjeqwhpzfanljskhvydtqis,2023-05-25 19:31:41
594,64,2,lkalunitysendlikgubzrkdwnirmcdwsnvgsuhzrurdlbgygohouvvjb,2022-10-16 07:53:54
595,92,4,rutalmifwvxheonmidfigroizrggwmcmhttbwtwcywkxxugjzvyrkkjd,2023-01-17 17:03:31
596,75,1,txbkajcuaqjgcvhobfsrmtwpgzjglrwaxgxfoxpxfoietgcuymieeocf,2022-03-06 13:03:01
597,56,1,gfedmdkzhzjhwbadhpypyxshngjnuutwsouiluaagcxrtplbbvsmgkku,2022-08-21 23:29:29
598,48,5,ukpkolcddgoelhnxbrwewdoqosvqdpzftcfzmwcdeoujgxelaujxgtio,2022-05-22 08:27:22
599,59,4,luaodhzekkjsfiogrxdjaqenhvirilmdroboobbothnarkfwsurxqydc,2022-08-05 17:10:49
600,17,3,jxbjkpnaypzcnhtuuprspwrejcannoywzgtjpansfboeqcbkhrgcklsd,2022-07-05 16:12:29
601,97,1,dobcpcbwlcmnevxcplhhzxbqeiqjwbmgdbjcqetpjpsurcgmbggumqce,2022-11-23 07:02:08
602,96,1,czuhqukcpaqmyewzixbcetudgxwhnernoodonpdapfsoucmngvjydsbm,2023-04-14 12:14:09
603,9,2,kxllpmrguwnrilwznpzhukewlihzfrqkfiexejjuwvlmcmokmbxkpmpk,2022-12-17 12:10:40
604,60,5,ohcwwbcxeimxsafsueycllaslztpcdhkzjmmrdguqcsdyjjbryolotpf,2022-08-22 09:49:22
605,38,3,oyomutdvkonjptjlnwmrdxhccopigjpfobrwhlonputqhjqrlkbhhpua,2023-06-21 09:30:29
606,46,2,pbjbmlffuiztswnpgaoxxsihjrhhybokyyumfjfsevqemigqyhcqseqq,2022-06-11 11:46:12
607,14,2,mgxnqrkhhowwkgkxqqcxmrzdipwyhpnbhzeepgrjojzsjjhilihvbfic,2022-12-11 19:15:23
608,33,5,dlzcldgtlnmcdpatceejeshzyzuyuwozjggcwatkfwnpcudvvzipspzq,2022-06-22 10:30:11
609,15,3,iydwptwewehpbpmxgxquerbgejsjxxsxxgwpbtcgwvdebhdfadugyrht,2023-03-03 10:25:28
610,85,3,cydktubbnmhwfjtaxxiwmzgsoxquwlvclqvlyxzehjxpklqiyznudreh,2023-02-09 07:27:42
611,76,4,mknscnzldkyoezfimsbdykfcjjmjaahholhwosdeorqevzymgthsxfaf,2023-03-26 06:51:23
612,50,2,qskbtjlguwtsuwyxszxbeezndjbnjoslgmokiiptoigfefqfqyhbfrgr,2022-12-08 21:33:32
613,27,4,jzqmozrjwfhwuuwmiwznqyalemimdmliymrltwcyvfnyezkrwxewvomn,2023-08-23 21:13:42
614,72,5,nonmfzeaureyfnqnliawnitrvlyhjgdussbceywxrfacvjpdbmlgqfpr,2023-07-02 17:17:29
615,35,1,hwcayytellbcdoohejdkguzguyxdgmjyjiwkcrnbujzyvmtmgubqnxnb,2022-08-09 08:52:20
616,54,3,ohplrgcmtdcjggwrhrmyxxqvhkodwccnitmmxyliwyqxowdceukxvsie,2023-06-10 13:45:41
617,45,5,xdevdwqdajblrgosvffaigdnnmlpvjfdpipeqtypwndrvrfraraxmzsu,2023-07-28 07:43:01
618,21,4,hewfypjouszmwofqvpjtkviovcivebvhhsyurvycafptqvizlnfskavq,2022-03-05 12:05:26
619,7,3,ficijqlfcqnvtoulwyaneuscnkxnvlxcsmxxkyimpwoyokiediihksgj,2023-05-14 05:31:38
620,74,5,tksllxnpyxcjmohxzietgkbyfvkgcjfmstvpucmrqqasigbrghgvatqs,2022-12-16 18:40:20
621,89,2,fmwdtpqpeyznkjwtysbjjecfgrcfycjuvbszhynkpybjxwdngowqwgkj,2023-03-01 16:05:23
622,93,4,essizghaospqzbaakledioohirmwpfvbsexdysxwgeozcirmvrmwidar,2022-10-09 05:48:51
623,44,4,twvcjwfblxjkmmlegpojjhicvgbwvkiwzmtxtzmvwivrnjcefzzpxopl,2022-03-19 06:32:13
624,13,5,jmbmdflkabsgyuromgvkrnehorfixhnnfssowniljdbreqkspdegxsls,2023-04-06 01:16:25
625,26,3,pcfueblsvtsiemskmztcivozaobfqrrrrvfccuqedlybywmokyazbaks,2022-10-16 18:02:48
626,66,4,jjgrsegenxbwwibbdiroywrrtytjctmctvuveuqdyfsobcymowchkeil,2022-06-07 10:35:34
627,19,2,tgdgudkwoubzwmahatregrersjcurwplrazznpvtlzzshhzziefaentl,2023-03-12 14:56:13
628,55,2,njtgzbmaekencjcqyqysancnlxgppfnlsscyxallipqgoydzyugzffjh,2023-01-13 19:16:18
629,22,3,dtazbcwgwmlispouiixhcsdjkamvuufnpsvkhxiepfbytvhoxkijkmpf,2023-02-09 23:37:04
630,43,3,ldcikckqdjsjppbsquybviuorlyvqnklpcaycvqtqscntmnkmehfrwoq,2023-07-15 08:52:48
631,6,5,rmgxjjmykmvomiahldzzdztqiryxsaqdwnvbhkjgrrqknowngyqeyvsh,2022-06-19 20:52:22
632,61,1,hkhtkcatglkurslrovuejdmzcwxjvdctqfgcqiljluxworuivewspegy,2022-10-02 11:53:29
633,77,4,ihpgbbfdgrnfntmwhfahnrgflgesnsyehrxnahdjqudmibrpfagzfxzx,2023-05-12 07:07:32
634,3,2,gyfqkvucjatdhuxxedrnudnipjuyrruxslcfrjywshgcxinvworzsbba,2022-05-03 09:20:28
635,91,5,venxilidvxzujewnjlgkkngkrejwnqcpreejkpmclsqtqmquwuhhihir,2023-03-07 00:26:18
636,37,5,jgbgqxxvscvnhcreqrzbsctbucczlixvpkertcsxtirlxylyuukqpzas,2023-03-31 14:10:41
637,29,4,ioqqxugalnfunniwtmynybexcuvbcwhlpqzxjkqixjtzchhmrzwycwyq,2022-05-30 05:19:08
638,31,4,fpiptlkvkdnfjnmwovpujzcnahivfhgpwbsluqjvlqznhyzxezyktcfk,2023-04-04 21:37:15
639,92,3,gaidwioknwkbuyrlkpynkwlsbylcepeaaewksiwirjycpwhjxiiibnex,2022-08-29 01:39:10
640,95,3,nvunjnafhglwpgcsljqojwhjxdsrbufydhjlfzoranctyjmcxujgjssc,2022-04-24 15:03:52
641,12,1,moraeurqzmadsaojaeusqpqydfdgtoacueuwvsbyknlfckbjmzdyfqpc,2023-03-31 11:05:53
642,100,2,rzntejbfjerwhosswsmzjhjiwjebehsbnbfozjimbflplgcbfhouaifc,2023-08-31 09:51:05
643,42,2,ubqqykwcnlnibigqxdkdqwhkezcutkpgepsijluvecqhvzjvhrgqchqx,2022-05-31 02:34:13
644,65,2,osmhbihwjycerejssxxazfportctbhmwnqbdcvykfrpaykcynngrncja,2023-09-08 11:18:37
645,86,1,zhrwyvwelegmvjwqlktkyzbeztyuwnflotvsqvlnnigujixsdocyocpk,2022-08-09 15:22:57
646,75,2,qcbvxvsjpjovzgnuhkkslsorbvnazgrtoftutetixufbzdkznlcllkyy,2023-08-20 16:50:26
647,23,3,xlswdwvyfntkqguoawzdseasmcosrajpzdgtiflqvtizdwqlxwhurztg,2022-10-26 00:02:25
648,98,3,nrkbpjobhckvisuguzbcpbyktirsioewlvspaykevyoildbfymdkvcek,2022-04-02 23:35:30
649,30,4,mzzbotyxufarkrmdgwabomkqepihtmvoeomfwifxjfejcgjhmxouslpt,2023-05-23 01:18:07
650,10,3,dzilhesqgcwzqbbvtomfidxitrolacnwdavwujknecoozexdkyzrrsze,2022-06-11 07:46:53
651,4,3,megyklgiyafutittvirclyjxnlpgvvtawggqglzsltswpldqlfynvgvs,2023-04-09 12:50:42
652,80,4,vpgrnawnfhucohegiklfdrdxsssiourucvbwjfobqhytemwwprrybjxc,2023-04-17 15:58:00
653,71,2,mrflrnkvyfuiyodhwjownxjbonlcenbgikyxplsmnpoeeohkyroitzee,2023-01-25 11:53:39
654,68,3,vzmmxrgflxvxrfkmzkmirtvpxhdzdjazrklxaogaeyniqzohiksuvyhj,2022-12-12 08:35:55
655,28,4,juhsveyqgubwypjbvqvwsldzxjsaqzcglvlifpyljfhpvijqffyzozav,2022-07-31 14:30:20
656,41,1,nuiryzovjigqitbaiuamhxmwpkopkwjajaoeggeqdfqxspbfmqczwell,2023-03-29 12:01:02
657,47,2,suegjlkbhsxpbzefwhepqlgrofriyeicmgdtkjsswxfuvjcstozmjxcj,2022-03-06 20:45:19
658,36,5,qzkkpvhwtwqfgpnvpotsbxrmroqnpmbaaqgglqdauuyrbngixgbcwddq,2022-05-10 08:08:17
659,73,3,gnpjtcypizofibvvmkirwovwovcnizomtsuqjnzqzbebdcyzeybscusi,2022-05-24 14:18:24
660,52,2,fxnlezmufupnxochzxiprzjmtzjpsszfcqpsodizlvhjvsrzkmuenvvb,2023-06-28 15:14:29
661,51,5,chrvpbmeegfvrjtgvocfyyjwqterisdptjajeoamipigdhuanruucufo,2023-08-21 22:48:32
662,82,2,osbhfayaaqepnffiukihpzhpucuzitlykxrvsbancrvxejvukioeolvd,2022-05-06 01:14:07
663,1,3,jqletmbimrlwskbrrragobctktgyxrrtgxuirgvbhrqnzjbhjmlvwrhu,2023-01-12 05:22:01
664,11,4,aveaplwgypydumclnszcrmvnphcuocltnoyfwwvpluqcdyufqxwzqzvd,2023-02-25 20:03:40
665,8,3,uodtndrwhuynhsdtncymrkeqlsxfwgjqsxzexwpzktrsinwiftvdzain,2022-03-09 21:03:51
666,2,4,gebvqoblglxmvlnhvnyypspulmjkxglqgyjdrqcjvjhmisfjwknfpibr,2022-09-24 12:53:11
667,49,3,picjbcuijrtybhhjhcvufjbgqfpwyjmztzlmkoyexbuoclbjvxendzfi,2022-08-07 12:38:03
668,99,4,djquoliqmegmtrjdrmzwirvdgkqrktqdndbhojeapzcregwtjjoambnw,2022-06-21 14:14:27
669,70,5,twfrsmudcqszmymsqkyimapyqmmhgdobyxpicjvmbqibtuaxvbtacfte,2023-09-08 17:15:03
670,56,2,cauegprfrxmpvrvmiuvwoowsvdzskcgzgaktsrhpnypcykszviiuuwvk,2023-05-30 15:33:54
671,18,5,ndjvupedfojhgsgdrdtgjfkzumyjmritfqjthavdacloqbmixcunenfv,2023-06-09 03:19:08
672,79,4,joschggfjapndacmssatqgulgoqiaxpwebmqfubnpvmtzrjbqrnfebgv,2023-07-22 09:50:27
673,34,2,ipsctpdlnzhzrvrtstulvvkwiagqgqemsfxtfmdbnlctsnxcrhnxrchh,2023-02-17 09:23:33
674,63,3,mtptsdqovtmvsegxpyvdhoowxxzprwybegolyyuuszauvfajcrpglzkp,2022-08-31 14:54:29
675,62,5,wsgxcgpuouroofypsmzkeotbtiltosacrkcgweohiafjyflgewwlnotr,2022-04-25 02:49:29
676,78,1,ayawptopcsqnknswpjvzqivcahfjwuqknhhqhzeptczcqoqhcerdrzoe,2022-04-28 01:36:52
677,53,4,ptskyfishjsygvrovomighuwghxevkaefyghcgxxpycigortozkrmfyb,2023-06-16 22:31:08
678,25,4,fyedpslabdjyrgojdwlgxdvgevplfplzbjlieavcptnjishknthlawgn,2023-03-12 05:02:04
679,90,2,qqicnpvtbwaaiwmkvrhdhvdhrphtgxdkhaevztkarpexiqqebwrzgyka,2022-02-17 14:19:11
680,39,5,fjapzcjrjsnrydooeqlgzthdzjkhedneyaffrhpvpkttchvggocegsnp,2022-02-05 11:33:45
681,67,2,iexceekybwukiszdzhwclzlszvkmtgjstikiajvdrrhcizemrliapaah,2023-05-23 16:06:47
682,84,2,ncautorssujwcotgcbiyhyxspgchujlxfutygovgecbhiwbxcmtkuuvd,2023-08-02 21:59:20
683,20,1,rjdltfcegetvvrhteveqcrsixgzifaiduenvgybzzrbcinyojolaayyx,2023-01-30 00:20:10
684,83,3,awoxqnqhtfvaqqjvnvxkulojrlkrbamkfdvtaqcjmkvtlkiaptjtspep,2023-03-06 12:54:46
685,87,1,waserbykaupoyyivvvqqgzbetdsyykzqlamasxrbqwesakosgulnntwk,2023-01-17 10:07:39
686,57,5,bluzujnxlhhevneukjmxfpgentwdljmqhuyohzrsqamkmfiiklcnmnhq,2023-06-02 17:38:03
687,88,3,vjifogsmhphbioghgfnqramhnxcrdhlrjgodkrvodvfpzkggcgyjksjb,2022-02-07 03:52:25
688,94,5,osdpiaejwufybhughpxbxkqvbkwpomdjuqizycxrjkkxawpergbnnnts,2022-10-24 06:51:19
689,58,1,txeuulgbicfhdxoyivctyeuonpgtyjebrirauvwaikfixgrdiqtmglko,2022-04-20 08:18:46
690,69,3,gvxwapfukuvxulrhgazjkkybizdddxdkjauaobtdhrxwyjnmkqregwei,2023-04-16 09:43:41
691,24,4,xdsiwdnolsysvrgobnekodlfshnqtmgdnwwtxmejzxrmrslkgxtwfpub,2022-07-09 10:18:55
692,32,3,xymucgdqxcftgrpodainrwfzfwhoyouvbinzflermwwzwqzvskoroyaa,2022-06-14 05:27:42
693,5,3,czuwjtyicptxyrxzxxtskgyipaipouoxllzdlyddivnvehdmsfbqhrkv,2023-07-29 00:29:52
694,16,5,sogydvqamccsixglfelwlohfotvlszenksxedgkbndxxgyjhnpnwmxhg,2023-06-06 06:03:00
695,40,2,pubztlmxowvtgfjipleirlwrszsgmvhryavhrawohleplvsjkuqhxbaj,2023-01-07 17:43:37
696,64,3,fjlfoosngszbukqhtohstowiejmglvxbxwhcwzwnmckfzcdxpycjsxcu,2022-09-07 11:53:05
697,81,4,djfvosqbduibwcneqprbjbpjagityzvwrfyjyroenkmocfhgatllvupc,2022-07-02 14:32:52
698,34,3,mfxkykldrwuprebwhlqhhqgkokhjdncogjdjdialhbroehvdfqkjmtdk,2022-03-08 05:23:04
699,39,4,qcpakuysgjbjztbirxwglzolrsxfxbjiqauizghztwskltjubtamrccf,2022-01-21 02:14:30
700,90,3,srsufsntngnkbdhlbxfiytczpybdkugmjlpqcnpjvfkgwdftudwgvmtf,2022-02-11 13:45:51
701,42,3,earpetwjllapwnikwafiyooljtgecgfwttvwuzbyteuqslmhebtjpblr,2022-09-22 05:04:56
702,83,1,mxybvtyxzjrrknwzcooomksmhrfaawujnthdticgyqxvunhdydjeomvj,2023-03-26 09:28:03
703,69,4,yjuspvoidbgbezfmyjtwgbzosqllzmdglbpktmlmshakoxyrzxfjwbmh,2022-10-06 02:37:24
704,72,3,wmlngbvrrjyfimgonxbzvnhedflfevsrzzpehukxbgdlzeinlrrwgahr,2022-12-31 10:57:55
705,24,1,cujmsbeanekjfbpewbhgpkdbmgsecpmefqckbqmyqrqmgcxzikotdqqr,2023-02-20 18:38:30
706,41,2,iomohyvieklkrnnxntoabuuiczssecefsteupwakcmulbtqwyfwwyiyu,2022-01-31 21:10:10
707,44,5,lmhfwmiapjqkyuoxsndhojulcdqbrqqaqslwhjmqtiddilsnrxahszmv,2022-12-12 02:54:27
708,7,4,lhndijxestxougvidxeduowevrddmgafisbittvrvbcggjdjcmyujsly,2023-02-21 19:26:52
709,48,5,sitdqlaimwlynlikwvyhyhktbizumoxgibudctipqhqgnibegwwylzph,2022-06-17 15:58:53
710,97,5,xrbpvvedcdmnjasysxxdcnyarieeovuzbzfyifmnssbbufyadinidrmb,2022-05-04 13:19:45
711,76,4,kfaqbjfmlbjhdtiexelvnfdnqrmxdsodjmlmfmolbjgivrqmkmbkcgdw,2023-01-02 23:09:12
712,65,3,rtjjasyeznejmimzhaazboowsgpuaozaxwzoamnuttrversgbeydeutq,2023-07-20 04:03:02
713,53,1,lslmplpqyuiysraodcoifubhfxqcocvdytrofzpkyjgiynvwtapxvgwg,2023-04-25 15:58:46
714,54,2,shxktomrzvgajbglgowjbjgogswooetsaocmmedymskwknhsqvrnsdtf,2023-08-11 09:58:03
715,14,1,vqjzyrtxzjplfbzltcyuzqbscsueygelsotehcsbkrnzgghvtcndncmx,2022-06-24 15:55:25
716,89,2,qwzwvefdcoiezhijqacuwjoudmwahiqsrfbqkyxtffrnhptpfhxgarzj,2022-10-14 02:17:49
717,81,1,mcyyxgxedkvqgijanpxhzrjakhzsifyvlhihrpjyiqflypyjxrclevdb,2022-07-20 03:39:28
718,40,2,khjkipxofxmgcmkvngbqiyjtrtjepnkrtiipxplorgbovnckonpsmlzo,2022-03-13 09:19:12
719,82,1,mlrbfwkpkwgiqpzzqmoomgpfgzlorrrzgaibsyvfhvmtqopsghcqvmni,2023-08-06 14:35:41
720,85,5,qscplwybdkigbaqbamwcwhgsznphhpasqofgjbagdjgnjhcleksrkaor,2023-02-20 18:57:28
721,70,2,flhplnhxqpjapuuloqvtrnpgtferkllijlgsswlhbdpzyygjxmhmryom,2022-12-30 01:28:13
722,1,5,tkewxzlmcuwnjeomdrdbpksvtweypsulvabghizvofiboaodejpqzzxf,2022-09-07 12:53:58
723,12,4,mbtzyqeeqxnomqkgyilkweeldyqrmadaaaomzuelujgtxgrdrlqoetgy,2023-02-22 07:36:52
724,4,1,ogdjahrwkyksydstbrmkzpltysfnlhoadaapqeaxnqbmsnjrfyokbmfw,2023-08-26 22:14:20
725,56,3,yxuozfblijjpzweeijutdykzrgwnlajylxnzrqzjptidbeleahpvnita,2023-08-23 07:33:46
726,28,2,gkzxzazawfybqaxfchmaeqzpapgitnyzydwezahhrznkbxravaklwzgh,2022-06-22 14:06:46
727,58,1,mrqypcabyynzabhpdbnjjjfkpkplqxnmivreynchcdabtdcxwrppqpua,2023-01-20 11:48:26
728,51,3,njwiqutmhazpymwjatmeskyngflsfovvvlwdhvaqaqebifwniwevjebd,2023-07-10 11:14:01
729,36,2,azeaytopudgrecbgtkppnmefyiemnnoovuiufhfcugyzitnmyoqrmrle,2023-05-25 10:44:35
730,71,2,qujazdzijbqnvgzybkscbndtaqqfzouambzgpdwpwgjnqnttdqfmjoxw,2023-03-13 20:11:17
731,46,3,yjbuviuouoevrqgqkbcbmiwfzjbucdhrlvvylieocqewitulgosgkawg,2023-08-18 06:11:57
732,16,2,ibtadufbeaqwlbuxvecqersvqaiexxmipxheftwvpdelepvzsgstiwuk,2022-03-22 19:39:57
733,9,1,otzmfccvsjklmmoerzteldbdqahhvotopgdpbpefvxrcualbswuoeosx,2022-10-28 18:55:53
734,64,2,ijtleagtpeiimptrhjiaqvggnnioqpgrdbmgeouhdeqnkvodqjwujmiy,2022-05-30 18:28:36
735,93,1,zggppyzczjwdcbhgzbsvzhffftdherbsqiwsrbyloxdmeuacvbihsfrh,2023-04-10 12:33:26
736,57,3,xxuzpqbdwbhjjpdfejevabppchylmafqhtjkeqalnaafqokblelnhjqg,2023-05-30 19:26:15
737,31,3,rzioiaxcbmwkwttomypagcdicohkzwulgeycfhconauoijhprwvpygck,2022-02-23 05:16:48
738,73,2,unuivynaeebzkgfzldtekpidzznyytfjdiqbduwmwwcuzxjmcphfpxkg,2022-10-28 12:07:48
739,20,5,gxjurzbuxzlljsmwhkkfrqlkvbhzispzmbvdfmhhuhrgemwmpbldouyf,2022-01-26 06:06:27
740,23,1,ecrwhtkgctymbippxzalqbrolbfyjhpuhjyqkneptjfhvayvbmxznmtj,2023-02-01 03:47:09
741,100,1,yhyoyyljhchdbrnryisbldaqpebrkmfjdcycsgnsxlisuokifcgtytzd,2022-02-15 15:03:08
742,99,5,vbvspxnrpjnuhelcaxrmpmoxhigmxqwlvybmbamhntpqtctpdbnikvqw,2023-01-11 04:50:53
743,49,3,ttinvihaburqqipvgrghnkzcqdenlbnqbpsstyhkqrztvsykmtqfseys,2022-01-31 04:55:41
744,8,4,krvuutvkzullpywmuysruufxygydbsdbtpxjqyirjxxyrqlrhywrriyc,2023-08-31 04:35:38
745,11,3,ognpoexowktrvbbobgtvargopnyutfzqybuvxhblzpxegzlwnsnhmbbt,2022-12-23 20:23:42
746,91,1,xkwtxcdmhzzkehaizlaolwtwjyuxvaulzxxajehpuweoigooqgikeahr,2022-08-03 09:28:18
747,27,2,aeamazjcsdrtkvmsurknxjnlwgkvxpmyrzavftxpnjkfdpkswzctkucw,2022-06-15 09:49:03
748,63,3,aehjywgelmuoyemcbhybweynynxwedileazoxmxagjswmdexvzubxnph,2022-03-20 23:58:57
749,77,1,aocfksmdlsjonyiapuxmatixaesenwnpkohqocfmxmmmcwdzhaqlvtux,2023-01-22 10:29:54
750,75,5,zhuaecdkixikkeoshhhyfbhwfoyyscttvkdxurfnxyoixczvksuotljt,2022-07-12 19:51:09
751,78,1,uxgyyblwkfnpepltgnefmtswdpcvlyzcafxyvidtblbrleveteijboij,2022-10-10 09:54:27
752,3,1,ninifxpiwafilafbsnxhibxgjcturqtvhqoplisnwbqylonctczqpxdo,2023-04-07 23:10:40
753,87,3,thmexmivjdnkpuytjirhfhfbdkpmyvujaeqlkkqzbsgsidjnvunpkwce,2023-05-11 05:30:21
754,19,2,bwfdztmsebgrxdccwgfuuyzwkkqjksoxpycgllisjyrgktmxzoaagyzi,2023-08-02 10:58:56
755,47,5,psbwrpoyialjdetwkqwvsobieuyyheehxnmnujpbkhtwdwgwyecrgvmg,2023-04-22 07:25:23
756,95,3,csnywjbbhyjwwrqqilhvrgutlsthljblzbhauljkzkynmabhjgbaotzx,2022-11-05 20:41:28
757,2,2,rejornyrhulfqczwwlpgyakzwnsstsunjvxzptrsftzzithrwchpxabq,2023-04-26 21:51:28
758,88,1,rjvrkeaeefaalqnberdmdqjouwueybhpyatvbhaofjrytwblqjdwiovk,2022-12-05 23:05:44
759,80,3,xauihvnefgbtmdlgmrtdxkvidarjsrrkpizqyqgpkexnvbddqbeawcvr,2023-02-09 04:22:02
760,52,1,vxbbqjeepzmbcbwdoiqfvrhxddzkjdwopeyymrakyfkdumeauavoodtq,2022-05-23 17:15:40
761,43,3,nybdquhwvuqpejghsbmfaqeojzqnsftfqntjxfzzwedalxhrvscdhmjr,2022-01-27 02:58:33
762,94,4,ezmkzqmbblihwaunhsnwmudeobunrnjgxgbqtzgjneyaxalpihdibvrl,2022-05-06 02:05:28
763,32,5,jkucxjkiigytepjwsgriarfugmcnvzihptanuplvtcwpjfcabbawwsgr,2022-05-30 04:53:07
764,59,5,mauimdeaeobiroxyufzyrlrbbkjzkdudlgnmbnblxmjvtwnvqehzlkxp,2023-05-15 13:24:10
765,35,4,oicisfvpxdbgnjdeosanhpzzimlnxdvktcmrmjbuzppyjboiobqkojos,2022-03-12 12:37:16
766,68,2,lgshalhrcyapbyhouwzgvwwznzgtgxhxwbpwozniinjfhdopyepmpcel,2022-03-11 15:14:55
767,62,4,jeikxcdvdxvcnjhfdqcawqdvhmoxjilzjmxbulymrhjeyrkjoatosjlg,2023-04-26 18:37:31
768,13,4,pbujmjvexnkjtalckkuthblrhiqyefvidpspxltjjzdguvhoejstetas,2022-08-30 21:44:56
769,60,2,hphiqoccezbreaoypygyhgrhdxjrvoajdyogxcnoqmsmvlizceyoacxy,2022-09-17 05:49:59
770,26,4,wrwvknohzvyoiuejwkrptrjqkejlhhyobufvjsvbvegjodlonkdgkacd,2023-01-06 11:30:02
771,92,1,mygncsdekkskzhattugbbrvhzwfkuvqunpavnmhifgcdbnhycjbklqqb,2023-08-24 13:52:54
772,61,4,mpvekmsslsmjdirybaknmpeqvchkhzwrojmhxmhourxexutqhdnzuitz,2023-07-09 23:19:34
773,66,2,jyhzaxhasskrtpynodzjojlsqpwtimdojdojuybmoxujcxhzknjyrolj,2023-01-30 18:10:50
774,84,3,rjaaphespkvlwgaaecgjhccmhybyuefpxzebinxydrxlzibzosttynwq,2023-02-18 13:17:45
775,67,5,brdatbhnpjaruxlgzqaytleckqayysemojarreifzjogudbkpmqzjszd,2022-10-02 04:18:02
776,21,5,gqdmcbcuqlfjllrqjomjcifrsxpdsihoopfaxotakckzamydkdcfjfyq,2023-05-05 22:31:13
777,15,3,vgdoamkvriiwbaqkpuxfqxitejfugyarlvyhodlefnelwrloshuecjdh,2022-12-05 20:39:52
778,98,1,xvwqikavhunjvlufilwssxtmtzfpvniitidmnkaukfexccnhyhrbczkc,2022-05-08 13:46:10
779,38,5,gazenewatuwpnhlbwzujaykrtgbgrzpifustdiogrqmisfkkdkrkcabn,2023-04-15 14:42:55
780,45,5,vtevlmerpmaslwhakvqfrvictomdjzdpmfwcqwfqeogmuesosbqtfsvj,2023-03-17 02:11:42
781,22,5,lferxdligdsiguuugayjcpwubnncyapaewlgrdkpbqpjmrtkspuzhngj,2023-04-13 10:17:57
782,10,1,soaqnktqtubaoswvveycwwztjvcpkluaqodveefmqyklfszqpcrjwpnu,2023-03-08 22:42:09
783,6,1,abyukttlnmspucakrrhjblzcmysjypwtdinmbkanypikrlnizsaxyyga,2023-06-22 00:48:46
784,55,2,fwbcucaqmutgddivduzdhvcwqezogpufazrjeisdrwgxzjadnlgxvjbv,2022-11-08 19:19:27
785,33,3,dtnomcgssupgcjryfbjcbfuiuocnrwttweyihwdxaqxidnrwveesmyjf,2022-02-04 02:28:58
786,18,5,qpxtizinqahvyipimddmzinzxqzmujqiwdfnynnlomkhyqnpthfritjt,2022-04-05 00:44:54
787,29,4,jqxiqiadzufsqbpoefkpestnmyvembccbxnygrimtzmxyitsuacrklfe,2022-04-16 03:06:20
788,79,1,cmfwfjxzatqfealdkjdxqlgsrcngplgvhfpmdmupuyexpllqtcrrrzgu,2022-03-04 05:36:40
789,5,2,rbbysujjkcazoekywoflpwelfmyskphefvymiyuigyalofczdbkfywvi,2022-08-14 11:26:48
790,37,5,mztjpajoanisqadytassddcvckdihxzssuvlpkcnilmuyticqfbrnwhu,2023-08-13 17:39:57
791,74,1,okwhsgxviqakvcqlxessbapzcgbmeskkzuvmtigmrkwklfybbubpweam,2023-01-24 05:17:52
792,30,1,yjkvjdxgumoyvkgainajfnwjeislqifwkeqnibttuwtmgmumjbkqpplp,2023-06-13 06:14:55
793,25,3,bnpvslnvtlqfcssckuzceyictewwfmhfojjyxtkynkgzlxofjqgthfbd,2023-08-22 09:57:57
794,17,5,lpzvghdmyhcmvhzejhmyghzhduwjpwzkrgnkjzoylplcstyfqicalkaf,2023-08-12 10:01:35
795,50,1,vfzccutrdbvdhhwifsxdmcxtgqkkhsmaljvifzlootkmikgascvugtrv,2022-12-30 03:51:48
796,86,5,iqsiemazcloiyxkwprsmhybjwhayvgkcqolakatlzlsabqwrrlvorigx,2022-12-13 17:29:24
797,96,2,tghrkntmsfdmkklbogsdkmbwkydqaoxjdszegfsmedbzrtgylxpoqnqf,2022-02-25 21:53:49
798,2,1,qrxpdznhpddmouzbecryijwuevvbulpcjjdcqnvmcaikhloszuewmdfj,2022-06-08 06:48:45
799,25,3,ijlohmugzswvggpozsuweibcejpwscuijufunmwtlfiybclheluwyvgj,2022-06-05 15:44:34
800,70,3,hvdlemrbsxyjhxrpdzoxxwepxhrxfsxqpadoutucgujryfasjzpzttiu,2022-09-05 18:33:21
801,35,3,ynwegmpqswibmebvmrspdsyhdegllovhovucrlmmprridpqxenpyeqvz,2022-08-30 02:01:30
802,16,2,baegrlqrmspbybtelememkqwrzaimypihhojxtgbrobcudcomhohugnc,2022-11-04 08:55:19
803,40,3,vmlubpjwytqqbsgundxuitpnmcldyrgylzctfyhorkcexlzymczwncuu,2023-02-15 06:59:33
804,14,3,jtjijqnrxbhbjhaeoyenqisgxeyuejqgadcufzsjjhulooxwtbgnyzxv,2022-09-25 14:46:03
805,11,3,usniajahrbpsnhifrtvtlzkvkepfimztgsnlujvonechwqidfdzhctev,2023-01-26 13:11:02
806,5,4,ouaxmjyobxaxlaozqtfehvghztzzhdyelexpobentsavjiwlexthfmva,2022-08-06 05:19:20
807,29,5,ariifvtswrsbyagdkzuafwteefzcwtmcongznsxxzusqonemtjzmztfi,2022-12-29 17:38:03
808,3,2,sdnykmdcpdpvvsfnzdsanjdcjwdhsjneptckfhyyonscylmfafghmrzl,2022-03-09 22:59:55
809,41,1,kjxfrfqdngidvqzydcfkuvyiyjzpyiqskievkrihlisdwetgjzqwhgsk,2023-04-18 10:28:40
810,99,5,bqmyrwjubesxlujvcehbdepwkegxsfcpljdaxhpbhzbflojaqnzavupd,2023-08-16 15:26:06
811,71,4,txagxmyoyomgcqjwquqslkceoqcvvpeojmxrvlaoqbshidudylkhjtmu,2022-01-25 12:51:04
812,24,3,sryxleciqbzisuwplveyzzoyozrarvysndgmgiwdyzbgbwnoerbwpkpf,2023-03-06 19:43:16
813,28,5,xgibobrahgunsjegxczzjyyupfqnasunclyciygjoajyjnlmrzgiwoue,2022-05-14 04:20:18
814,48,1,tibxaurkczlqgvwegjoudlgiitlqqyruwbkwenlmxsaezpfadqpaefop,2023-06-23 03:41:46
815,20,2,rrzkzhtiwpofposzbfnxzoinjlmsblrpplbzvbubpptalmktadegshgu,2022-08-13 15:11:24
816,36,3,zclvbquqnjmdpndmohfaukihadyemakxedcccjjjfxijuvrwyxksgjnr,2022-11-18 19:26:38
817,52,3,pnytwvoblhxlgpsikbcczrkgpumxychqwopgafveaysyqrvjexqnlqpi,2023-01-16 01:29:50
818,9,3,iegjhvnmgglyysayaxfwmacrlxvslmpdpbffnqjubjsdirexibijrehv,2022-07-28 08:34:53
819,43,1,zwmxopmrnlditzbohrhniovwauyctffwbrffddyezkringlpppuiyunl,2022-03-20 11:59:07
820,74,4,hpwacpgbatqfihwqndrrpnmhxqmdaaqmskmobzmvuvpgakpzrtqksfod,2022-08-26 20:58:23
821,44,5,eudkrpzorsyuabndnrajbuhaoxupmyjizzokqliugwhcecguduqycgep,2023-08-04 05:52:53
822,86,1,zsznreiigzfxakybgerpylifhegcvypyfgcvtdaxdeywcgjiizdiitgb,2022-04-15 08:02:32
823,84,4,tktayjrkjeaqjdhyojdksykghzixizzxpmzdleyvftveqnkeyauueeyc,2023-09-03 13:57:53
824,49,5,tbkjblxivcrauiknnlrthfwqfiftztuemynhrvsxbyyhqyebtdlresgh,2023-05-04 05:07:18
825,56,1,erapzfxprxwdrntyqdadeadndbghvenxhbtutucpiaaqjbgrzfsldbcu,2022-10-22 18:52:00
826,53,4,fetzegqhqjmeigpygyqiyjbkjtazhtyssehckfcktngrquluqbyemxrm,2022-04-02 18:58:36
827,91,1,rgcfckczzygwbtctoouisffrftdtozvkjwlvfjukdglnkzjpsbzrmmdu,2023-03-19 11:25:27
828,76,4,advelkvqeizomkxmgmlqcwvmxwsbkiqugtoetlfmdfhxtwndoynmpghh,2022-09-09 09:54:55
829,66,3,ivhulsbwficurwtwzvvuhypuwtdtdejiscvuigbsuvlmcmnqwuiwqzne,2022-05-06 20:13:33
830,47,3,okhauvuigluxynsladjlmqzmlwrurwecajwmexglykovndqtusumdled,2023-04-10 11:35:19
831,78,4,jfgwpgzldlyawnwfmiapqivblbqbnzvztosjkcykudqzjzrdxrbfrnzb,2022-06-11 12:52:45
832,64,2,gfwckgdjazvwyyveydzkxpxihdbdbwzlqaifmclsnwsspnexxqjbeapb,2022-03-09 22:49:08
833,58,2,wjpyubznzlbguuyuacgwfoyplkogofxoemkozfenusicosrwoaccbxtr,2023-05-21 11:52:26
834,7,1,ndifpioersenmuqvgiogzrtuwppvgqzuqgzqnbuizhpplhksckujdryl,2022-08-26 18:17:42
835,93,2,bighbzldqfzluxmwmwdthtzzlqoidhxtangcyynoibyxeyjysjxfugth,2023-03-19 14:50:40
836,100,4,wuhybvotcqwymugiqbpchlaflaeikbqxfvktzohsmzqmgzqtcmcwpgli,2023-01-27 21:20:38
837,19,1,cmprumymqnxdcvvnwumtdjtzgibwmjcgijboiqlctekhazjnlhmezkil,2023-02-10 01:19:11
838,13,4,xeegutycwbtmqdjimidtxltfxhncrwnadvgwalycbpgdqxvltjtolaph,2023-07-19 14:51:53
839,94,2,utfilvfbxwryppysktlbmhlligrpdhefavwnewteatajhunkjkzvgteb,2023-08-08 02:53:54
840,8,1,amrgiewzyptjtrbnsqeqpfpihcsetjnvhmuahlbqyettphwfixvxwinl,2023-05-23 09:56:26
841,12,1,etfmoaolilbpbhcsorhcwcqiblhgipxqwbbineqxmifguoeyzfgheoet,2022-11-21 08:43:47
842,1,5,bsspcaafgbmrxukrxnufkfkeslzyodxvcfixocfvlasauzdqacviaesi,2023-05-06 08:10:06
843,96,1,uxdhxeyuxqtcdbbnougnucpdsebwkwcctftieuraaogwidejwtkemfpd,2023-02-19 13:46:44
844,4,5,hqznzyjeobnlspcdqhpadgknhsvkuqljrofjbminwvjuohfvdaxdazba,2023-07-31 05:57:06
845,32,5,bxhwsvdiykbgnmagrvwyiwknatghodqspqtbpgeckrarmcsytwmoujcm,2022-06-10 19:34:35
846,81,4,wqkockykmxrvoohnshdadcnehszesmyjcpnsluuefwjgabgqcpsmbkti,2023-02-12 21:59:11
847,30,4,yisnfeffmazklmjpushhomzxjstmgrbwwcwvrhrgcnqbdmkmcrejamca,2023-04-23 19:36:09
848,80,3,evaauqkpvksieyxehkiczrfjgjepglrmdijxxmbbdzsgaceihgkgpuxa,2023-04-11 18:39:59
849,95,1,azhkoyrkhxkmwqzeyzxmxoarjmiflosxeyoehndeufnwksdcwccienfw,2022-09-07 04:07:31
850,21,5,plqnktpzuapramtgbxwarommnsayaktzwoifyexqmyemlwjglhskmcfg,2022-10-25 03:05:55
851,82,5,ttjjfnwyvcjgmlyhnxdodkdnqutxlggrxrhscaltcktjcmrmvcpubpto,2023-05-03 02:46:09
852,87,3,dzbiatlfupheuxeqmxynsfkjqktswdmyrwkmofjxaroozmbfxdwngaoe,2023-04-02 07:18:02
853,42,4,ilufvocntmxoccmaactwdsfoojbgibthxwgmovnooveewthpmbaafkex,2022-09-07 04:04:24
854,51,5,ymkauiijzwjweumqwdvuzmbfmgsbraihwffuztvvcoguhmarujtopvtj,2023-08-18 12:41:12
855,34,1,skacwpaahfeufpwaltoioaqdctenmhusfdafrdtwluvpsnzlhhbwrbpz,2023-08-25 01:51:51
856,68,4,dttwyoguusbindtmqzyppnxsvukgclhesqqrmvczdbughsnpslxrjyxk,2022-01-24 15:38:18
857,37,3,vsiudzbcxbgfevitspifdytpyykyfbdgosmhchhfyklamfuzejfoujgq,2023-03-03 18:39:05
858,18,4,xtfzelsoprdoyiskekfwcfeabnjcsyttyxuwixbxqjpkciikzxqkqlmc,2023-06-29 08:06:44
859,73,1,ctlwriicvdtovbbvbjnzprrplujpipwicrubhpnxtucoqnuquiglbqlm,2023-03-27 01:37:24
860,90,1,tkcfmlglkcwlhtkloroxbyfvwioupnheuodpyaynridimmkvzqapxyfh,2022-05-26 21:46:48
861,31,2,ojoaglpwkwzfbsnnfdpxjfxqdregbcfkjjeniqegkevwpdygqnhqckij,2022-04-06 08:43:07
862,22,4,pzsssxhkjfcchvhuvlrlptauedepayhuweerbfdkzljdebaicujqprpf,2022-09-02 22:41:08
863,92,4,dgctgabrydgucgebirlzcpmcsekybqktmhfbqysoyuktiljkuqqdmnsc,2022-08-04 12:55:19
864,75,1,ftayefqaqvvgvcfwfyllzvcjdunxvmpyizdzdgxshhophzvbjsiarlqm,2023-01-13 16:56:31
865,6,4,nbqrubisvcqlibhlwyblyojcmmqmqmftmfaisludqqjjxolcmldyypqp,2022-04-25 08:16:31
866,72,5,tpgubsaofzbuxkqkrqbgabqilvlcqtakytulerlusfvnedefvyyjqoww,2022-12-12 09:19:40
867,45,3,cuaixubgezjkucmbcikvquooaraegvbjxpndkovqepiacodxaleerawq,2022-01-28 22:10:27
868,17,5,erctnklhjiyxjmrospdmzpylhzwknoyrwxdstqxfrdtseeqlkxivqxof,2022-07-22 04:02:23
869,26,2,gjiodzwwjpnrmnwbovfgjbsmyhnotjufuzfurfblnvkccuhwcbjfcmpe,2023-04-20 16:49:21
870,59,1,uncwdgeizsdvpwarspshowtxvtohqvczqlaiuvymtjyegrshhcjqhrju,2022-02-07 11:06:56
871,79,1,xvpyctpbllnnibsluqznnaboniblrustyjpafrbuldgwlckignqrnptd,2022-09-29 07:46:48
872,54,3,jjrlsmtyuqprdqzlnirdpwtysguubsqrtuwjejyoftwbgefmueuecdpx,2022-08-25 21:00:55
873,77,2,wvznqmevpxfpgzdpuhocdbhcbdqbqvtmirxrbjaxpmtjzrxlxqpkrwvs,2022-04-14 05:20:18
874,33,4,bznomniobzzwwbvrwabehwhisqapfdrujjhkkqhykxhxgaggytdrjjzj,2023-03-02 18:00:20
875,63,5,fqwweaibrdgdhotfrszjblhsvrsgpoqqzvfcisporjibcnknydquxfsk,2022-05-13 21:19:32
876,60,5,vftpzrorqreiargbytslnequkbcrcllzmqpbwxzvenvbbgllpktcgsux,2022-04-28 15:08:13
877,38,5,abvcbkotljzmthtijqaqjujtdrzlvrfpwgcsufbgslydcmxydkahxbke,2022-12-12 07:58:04
878,67,5,hnsyscictjmxisnspoqudtoazjycylazaodvsykliiajurflswrzdacm,2022-04-22 04:01:34
879,57,3,jkfmtbdrjavymdfgarjohfucgawjnapekksagjenrzgfeabdulfhodox,2022-05-08 21:38:45
880,69,3,vimxvgiduitlbbqqrboggryzosdazivrfnfanrhrnenncwjqvrptptea,2022-11-03 07:10:44
881,23,2,moooxdflgbxvseoijlsqxchmbhqkcfmsyxqxtvgvmrbixzrklzzxyrea,2022-07-04 06:46:33
882,61,2,jzijmpforirwvtqvttpcclkqsraqcezojoorxnqiwxzchbadgrxsjvfc,2023-05-24 00:11:02
883,27,3,ormknlmsemjkbcqbufibkwynvjhkfiagjkqdwmtrolfdczywfyleivqk,2022-05-19 21:15:25
884,65,2,ubzdctbnhhvjdvpmyxchzvtuilxoqlioygugxxhsioauhzkiasqmeiod,2022-02-15 05:08:53
885,10,2,xvrzbkponrguyqeghzobfmhzakkdbtlmfgspezebspelbnqhhrrmxjqj,2022-04-06 04:43:05
886,85,5,dqubrielapgukdqsnabehmgccdacltfjugmzsgvahkhjpaqhghbzvfjh,2023-08-02 14:59:54
887,89,2,nwrhzpgipribyqdcfdoxxmwayjxczobwkulzpqfdeuwdlxleiiuwbcqm,2022-12-13 19:19:31
888,46,2,jljcguiwqzemxlzhtvdkpwyounzwrcftvuvvxsjtxzfuyhkiguvlydjt,2023-01-26 21:28:22
889,55,5,gyjhkjsodarlgfggllruvxenppxjwijsjxcihhukdsvvnoasagncbacw,2023-02-13 14:05:27
890,88,4,nbsqjjgygzllifxogatxcodcemzeqaxuozxwteerykrevasnycczvekl,2022-05-27 10:22:23
891,15,1,rbubareiwifgmxxgrevodkugloicugxpdxwziqlczxfhirpkqbdqolvo,2022-07-12 04:24:58
892,62,5,kziufihbhixclmhzzncpqvrkfhlegmutjytxjepvekzrkwjfxenqrfdz,2022-01-21 03:26:08
893,50,1,atjcrfwqtucqmytcotdufvetvigrvtguzvnuhfmnydkrjikhoaserpnc,2022-09-16 01:36:50
894,98,3,ibovrzslnpotzvxskdollgiqiyyovbashqmlfaipsxudylrsvkgtmawz,2022-07-02 03:46:47
895,39,2,jgnuiaymebckqoxeqgunjstkzncwifhtsuaoleqfikorfgxsxsicmapp,2022-07-08 14:48:08
896,83,5,vmfolsspsmjvppstjnepnhvxzsjopcqgsudqgdkmkibtznkekdrydbpk,2022-05-20 11:54:45
897,97,2,daiimzuurmxemfohdleohqdvejtvygdfwvpgzmhruiaxznbofngypjyi,2022-05-31 22:05:49
898,59,4,rqyzakanfgqapepzsmvevfbjqjauezeoolaicbiqspmdkdluajfpdvwb,2022-12-23 18:43:13
899,19,2,wflpxuidkgqoqecsxputwvyhpvlcbvgeaidynfvaxzygzuwxnsmoihhj,2023-01-10 02:00:49
900,20,2,toadmibhmsrrfultmftelvmsfafsntinvoctwplcnnwsdbnhsvgsdhni,2022-01-23 01:49:44
901,82,3,lbpdwrqojilalgjsoctlpybimjlghsgvcewneutgfosnttuicctceoet,2022-09-18 16:09:08
902,47,3,aozkiamargbtrboxqmaaddqpbhhoitfxkxutuaxtuwfbaaawodcwhowh,2022-08-10 22:12:17
903,63,4,agkbdtdovzhpiztzbjtrzitezgojbhaayuitjfhyfvjbuyvwektpzbvo,2022-03-06 09:05:04
904,22,1,uuidqawfqgkvslombombcdfbgwxertdijvqhjyxukobtpqepbgziexkb,2022-10-20 21:03:51
905,41,4,xohjrooigzrnpvffpotcqguoynjcueluouhgjofqnscfzxpaaeyjibdf,2022-06-12 02:06:46
906,90,2,sclwwzzbmdhzgsxuootvtrfofbiuztmjqohczelvyqblwculedbnlqho,2023-03-05 23:37:15
907,77,3,eblbojhpzkrwgcnhrisitmwswstcvrhvcivalpnwarwawgpqkkqanmsx,2022-08-19 19:36:23
908,2,3,hyavrlthggavhxevzbvqeiwyejopoaqktxzvdqsqrpyxenjmmjpoawmk,2023-03-25 09:37:41
909,7,3,ktkdxelhpilqukmtkeqsegsldsplliibjyrzdmeftxptzjoddibrsdoe,2022-03-28 12:24:37
910,57,1,mflcxopihxnubguynzlosrypghcvrsimwgxidvmuvwgexyhahcuxltzc,2023-05-14 03:51:19
911,50,4,uahfiidvfvrvfvkqhwhdqnnfftrfgabdxlbnicnacxctyndfyvyhfixt,2022-01-22 22:03:39
912,21,2,wrmdqarrvjbmpllrzswhxhkkyttvoskglxeojaiqkqbenqdpzlercotn,2023-04-18 05:35:19
913,12,1,nyttdgqnounijpbqwajpatmvergbudcwxjexhmzleifqvoqxuqxnwkuw,2023-01-18 09:37:40
914,98,3,ozufkqutgvudnwsfakpsbsrpetgxmzxeuvaqxexmdebojuntavjxhdjb,2022-02-17 02:44:12
915,66,2,xjixkastdempsjheoukwickunoafktxcmrucazkbyyoxggyimslcbdja,2023-03-20 20:49:54
916,95,4,vqeolheguzxbqshucatvsmivtowlatncyjccqionxqebffhrlcjcnice,2023-06-18 02:01:34
917,68,3,dynewcijlmriatoqlquvzqudsjmnysoesytpzhhfpquymjmxtptlbgdx,2022-08-28 00:22:23
918,61,1,ehnpvvmskrrfxouwztrhpisavvokptulryfsvsdqhfyqzqdxhwnyemmf,2022-12-26 18:53:54
919,16,5,hbnmdqqbgfouhdzeaistircugksljqmcaoldksapbyggpjfsekmorscf,2022-07-23 07:56:09
920,11,2,wtsyagctipuiopbcqrxsbiviuoxyqvlqgjiiltkxeieftbqndiftpwlh,2023-03-03 16:31:02
921,85,4,njcikjbsntijfsgiohunxpaoetkucyeevdnxobignftuphbunqfcdyyx,2022-07-21 19:18:32
922,92,1,lrgnxbpgwjhdjetmsozdoouhumfdravybhmjhgabjsvewhzyhqgezotx,2022-04-24 04:19:57
923,86,3,qiptsoehuuqgttjkoupnyylektlbkptligptroeqakmlfqiaoioprrck,2023-07-24 08:54:34
924,35,1,ybmzlubtcilmxvlkowmayjwwtyewoqtqkdsrojxyjixonxxvzwtlcpom,2023-03-15 01:13:58
925,28,3,dfnerndydjxeeqvbnczidvxihlifgmlkjvqulbgtfelmfvnmqvxvfbdr,2022-09-21 09:04:27
926,71,3,sopqfjnyevyljwyziiufffwxribwdraafmvyrnxnqqiqhfnaakoamgwq,2022-08-04 13:48:44
927,88,1,whvsevgkgsembrzlcgscwnrmnmnahviswszjnlttgbscnnhasiywzcvr,2022-09-23 06:52:53
928,93,1,yyznlnsdlizrcloekikjwbnwiliqmqdzlhojwmnaqntcfzmsheitcchk,2023-08-24 03:04:49
929,4,3,dfrudaaksucpesyydddsslattvlnicbkcychzytoypbwopoquyvbljlp,2023-08-31 15:30:46
930,67,3,zshgdhgmrmewbbdmcdlqjksmuguzyowryucfdlenbxhfvcgkxpfepuya,2023-08-07 01:29:40
931,100,1,frapfegwevlnjdkbwzvpljmggbnhjlkkobuxusddapznajhtrqdbnnre,2022-06-23 03:54:52
932,29,3,npirmtgfihzhnzjaajxwbjuleainkpcbnnrawlgsqhlmgyxjizyadxlo,2022-03-04 07:38:54
933,34,1,xlsacewbscbehnfytugiybblgoakhqeojvlsuyrjjzpagymofcizovlf,2023-04-11 00:57:55
934,1,3,ylnidwztmmaclpdjikpbbavgkcwocqzajsraeuryzcekzutjqqxxvlsc,2023-03-31 13:04:47
935,25,2,hzdbbtggqkdqvftrlontyvrvrguuaormdswxxlpgoepebpmcsemuchvs,2023-07-23 10:19:07
936,40,3,weaqsrlqmujinvjeoxagujbiudjikaukepbajmcvmvaqdfalhogysggs,2023-08-12 16:05:55
937,97,1,xuhvnndeuwzynkcxosjtaqcmyxvzzfmmsclabrythrgeneercrlowcsj,2022-06-03 00:58:47
938,53,1,updxtmykczubgqqgwteijnlgbwrsdweldrxgvgoxuzyverkiddhjsmdc,2022-11-20 07:35:44
939,39,3,lsndfdaclyscykzdhqtogxaolyrzhxcvdsmlgelwclhvmbxugsungvgo,2023-07-14 05:55:04
940,38,1,vrvtwvmsnpuscvblcmidfoamkcdnhsbomyblsjnmblegxelaoigynddh,2022-09-07 17:03:45
941,49,3,zkhaymlpwzxuocypplgzasfiocrjdxennsyjlrcinobjfvpbrfjnpfgy,2023-08-10 08:03:32
942,75,5,oubhkdaceevvrfslniqawefvffsonlqthrbnftlmpcztefhzrajlveuw,2022-10-10 06:15:50
943,96,5,eejaonuletzvpjdvfkbntoqqaasitavdzwtbfgtgxrtpofcbnlsdzgue,2023-02-27 02:48:40
944,43,1,dagrwmgasuhcggcbzoanedpykhawbzjuebcmwmynarktqckkqxovklsr,2022-06-01 12:34:04
945,5,1,gwexypebuncgbawiyiezcmmsprdlxssztqulfewheqfpfxzlvuyctxww,2022-01-21 13:51:09
946,10,5,ylzlueglerbuyitqzwphlywsmyignszssqodltzohkmlihotaowrkdmr,2022-01-28 07:25:47
947,80,3,woilzfglchzlfugxnbzlevvgbvjduolwpkyoslqsomgtoeuabdzpyfge,2022-09-06 14:06:26
948,74,3,bbqsuwsxwyhovtlnwxfhdewzsxebsiedbqauvkxrbbtotgacbxqzubip,2023-04-06 14:37:56
949,79,5,tbobghdchzatcraucyjkbsuruyvptrwgtfzdixhpsriykpqazjaozoie,2022-07-12 02:29:44
950,76,3,mvmjvlnhujpiuvrqtsvmfzbdupvtdfpijpcrytymvsxszcmwsxdjwjbh,2023-03-21 17:50:40
951,17,3,uwtmxzzdnsptjufqkvkficakxlgoajxsyozcehmuxczojahbxsbsipbz,2023-01-29 14:32:28
952,65,1,exwgjbxmprhnfjwphaufnkopfhsizsohxygujbtebxeialxponvkdusv,2023-02-25 12:54:04
953,87,1,ovfsrogkspqwgmtqhkbnjdjdmrlhkfgkrcsgwsdfsmygabbbumqfcnto,2022-03-15 12:10:10
954,69,5,wjmfpiveaktupozkzikcoqydlhfmrtcndsabwwfnzouvjjpijygxpfix,2022-12-31 21:11:13
955,42,4,jrefctmmgoojrbeebldbamavvnjpfviwtddohyawnannohblyisspvpo,2022-05-11 00:39:19
956,48,4,bcjfkhvmdebzwvosqajbjduspostndtetweombrtdltcwubikczpztsk,2022-10-31 06:04:18
957,36,5,wpszipxwpyaoasfhbuesvqnbmbvtreypilwbwblotafhhfubimzmkjma,2022-08-17 20:28:40
958,33,2,eonzewncqfecvogdbylsaawaevkxwubhxzqtnoxnlkantkdkkqyfqnqn,2022-07-29 06:59:50
959,37,5,jltafrbwggxxslpmavalduplqyggbihhkvettwvbfpkckvviyybdlwcj,2022-02-18 11:37:40
960,52,4,pifgpupzdkzpudkqxnvmhgipwidciwuzrymkmtlyqagrpzyoaadxbzwz,2022-03-23 14:59:19
961,18,4,vvvldnwxgvgbumwkatulgtowmwdystmpzcbzxtgigcynxxmvcdiswmjr,2022-11-24 21:09:55
962,89,5,pndgikcgddtnmhbsvictzrcxpniorjonqjvlhzothcnpekemwlaulqgp,2023-03-14 22:11:06
963,84,4,ioebozqvbwgvqxaccbcvlodgqwwxckbvsclcmawyhxcaxvqurhhivlei,2022-12-10 11:01:09
964,51,5,idpoeqaohcbrfmrefguvhedytxqidnzlojovyeqhuoihhmuvlzpncciy,2022-02-03 04:28:01
965,81,1,vpaynkvexdkbggkmvnoszxcebnhwlaxyvravwjlzzkwdmwayghjqspnx,2022-06-20 01:29:43
966,54,4,eqwudzrnqnjwmpnpalstcyjjdttjroklpbhbsdecyydackpeqiozxevb,2022-12-06 04:32:35
967,30,2,gccizexdkauryfdchgoyrqdiofghllbzqijihkpcrsealxyzrwqqsmmk,2023-09-01 19:08:33
968,73,3,uruzfbganvemvcuhmudrpbnfdknfiezpcjgcdkelwzzdegjrassastmx,2022-05-10 03:59:03
969,31,5,cydrowmerzjjknzwmnalyvecatxnyawjuzfgroxaimrhaplhdsmxyrdh,2022-06-28 23:35:54
970,45,2,ejqxdbapdvxwsgjmfuinhyfwbhwqlasnfbuuscqjnfhdqkjfdifkbhif,2022-11-18 00:47:19
971,58,5,aygwlyjaufypuzoikrutpjzlikbbvzukezezbyaqoiqtogduydcyflee,2022-05-08 11:38:40
972,13,1,qzjkahalzvllqpxupdqcuiampdtekjknvkqlzkeiqalnggolnxkvlmpv,2023-03-18 05:58:05
973,32,3,nvstytabxzkhzwuoqvnkieewuqijgtblenjtcwjumscrgqicqtdgdsmw,2023-03-19 17:52:11
974,60,5,bacmlatwimxxdylktzyrfnzksfsfluiyocleqzztyursjcnvxxpsrpek,2023-04-04 08:37:09
975,62,2,bslzvshthvabdjjxrxxtfxwvfxprwevefibixvbnuajofduaciblsqlo,2022-03-31 21:19:03
976,72,3,sxrmsutfzcyuqgpgybwsdgshuyljnrqksmfsbbfkkvghnnoniktfvsmt,2023-01-04 18:42:43
977,14,1,vgtdmbpysmscdzoacujsldfkhlmwophwshuguoydweoghmsolwyilidp,2022-10-04 05:31:56
978,64,5,qghxjwmtpwsnwczfibiprmhsievlybnkupuupbxuxkkwzywiqqhqdquq,2022-09-14 23:09:37
979,15,3,grztpvuqduxdgroybguvtgnbfcuncsgikeixgsiqnvyskitwfcucykky,2022-07-10 04:46:46
980,24,1,qduljptpqjcsngyqmmaqfkyuoclnktbthfojvxzzucfgvgxnwmebdwns,2022-05-05 18:19:28
981,99,3,kerfpjraexiwycovltgupsbgnlloexsfjglrzxlkmnawnqcctfqofmwm,2022-10-02 08:50:40
982,44,1,dlpmixzhuzlsifkzrdaghiojkjawdosdnygfhsbbqsikxklyqzhvortr,2022-05-01 02:26:28
983,26,3,zxeqlesngzqmerkkjfkfdbuachtmrhmobwrmfivqcibkxmrscheigjqu,2022-10-31 22:24:07
984,83,2,kyjydjsthlkwekxliixhxczpxkleizufjjwipwrbioaxtwxsgeuadcyy,2022-02-10 15:05:47
985,27,4,soehyiookbclouosdgqrcrbadxitjalakcgzdgenarhaqmowftztcrpz,2022-11-03 18:04:01
986,3,1,aacxwyfjuwzcnocukyjjexrjrorbovfabovmoxgojawqelbkvqapocen,2022-03-28 19:03:59
987,91,2,oipmabnytkjkaeddooggymeydroncudtyutewuazvgtvbzpqsffzbbzy,2022-05-02 01:04:20
988,9,1,zzaoneywjigexnxgkeyfpggiubmwtxtqmaiwmgaofihbcslksdjhguva,2022-04-23 18:32:23
989,23,2,xftluuxelwrpmqkcurvsfldrinjtuqocgiiminfzgprwxafstqcyrqdo,2023-05-08 06:45:06
990,94,2,ohkjpwxjlzslugaeqyjyoekryebufubuvhyfzjdbqfpzntkedqkaakql,2022-10-22 11:16:35
991,78,5,fqqtpbdqqfprxmhfegstribdxbyjndashhkpdogkyetktncpdrmiefft,2022-05-29 02:51:22
992,6,1,bpqayzefgwirrhiuptkbtovrkmebpkbhlyxpxkjskxtfvcydgzrdarhp,2023-04-22 18:40:07
993,56,1,vcuaawfaygqkvwgtrwxbqnptwdnzonvieytjiosphewiptbbcqwhmiuu,2022-08-17 11:07:20
994,55,2,mzpvirojrovewbhzenrweljgpfjuepevrmlrtnbrrpyhtminaelevfcj,2022-01-27 08:26:17
995,8,5,onjseubcrzqjbfylchebyxvicjarvddafyxugmntptdjemxlvxabuxoo,2023-03-19 04:42:07
996,44,4,gzpftrflttfvbollihlcsubuucihlsmsyvmbqqxdphwyjyapuvmjauik,2022-12-13 23:29:29
997,97,5,jeodlfuaphkrxemjyuakrudiodyydflcmpyhofnzlfquyqfnhqhymlwd,2022-02-02 10:24:03
998,70,4,fuqqxbgacdofzrhimkqpbbfemidjccohgoaqmlgsfszlvswygljfwfgl,2023-08-02 12:40:51
999,29,2,nvcmmxptsqtntkbknadgjcexznqbshvihjeppnujqsitmvokkmufojrp,2022-12-28 22:21:19
1000,21,1,cmnxmuqhsvqqsmkpgzixgmptrbglwfjqpkaiajyhhjwqzykqqcenfmse,2022-02-23 21:06:03
